afid,1996,1997,1998,1999,2000,2001,2002,2003,2004,2005,2006,2007,2008,2009,2010,2011,2012,2013,2014,2015,2016,2017,country
60000020,0,0,0,0,0,0,0,0,0,0,6,0,0,0,0,0,0,0,0,0,5,0,gbr
60000064,0,0,0,0,0,0,0,0,0,0,0,0,0,0,3,0,0,0,4,3,3,2,gbr
60000112,0,0,0,0,0,0,0,0,0,0,0,0,2,2,6,9,1,0,0,0,5,12,gbr
60000179,0,1,2,3,4,7,9,1,8,6,9,14,25,5,10,6,0,6,5,8,5,16,fra
60000236,0,0,0,0,0,0,0,0,0,0,0,0,0,0,0,0,0,0,0,0,0,0,deu
60000245,0,0,0,0,0,0,0,0,0,0,0,0,0,0,0,0,0,0,0,0,0,0,fra
60000256,0,0,0,0,0,0,0,0,0,4,0,0,0,0,0,0,0,0,0,1,0,8,deu
60000291,0,0,0,0,0,0,0,0,0,1,0,0,6,9,7,2,0,28,6,12,18,14,deu
60000368,0,0,0,0,0,0,0,0,0,0,0,0,0,0,2,0,0,16,0,0,1,0,gbr
60000401,0,0,0,0,0,0,0,2,2,0,4,3,11,10,10,14,10,20,16,21,21,26,deu
60000445,0,0,4,0,0,0,2,0,3,0,0,0,0,0,0,0,0,0,0,0,0,0,fra
60000456,0,0,0,0,0,4,3,7,13,13,9,13,16,9,14,15,32,10,38,19,22,32,deu
60000485,0,0,0,0,0,0,0,0,0,0,0,0,0,0,0,0,0,0,0,5,4,8,fra
60000661,0,0,0,0,0,0,0,0,0,0,0,0,0,0,0,0,0,0,0,16,0,9,gbr
60000679,0,0,0,0,0,0,0,4,0,0,0,2,7,2,2,0,3,2,5,2,12,2,deu
60000694,0,0,0,0,0,0,0,0,1,0,1,6,0,0,0,0,0,0,0,0,0,0,fra
60000703,0,0,0,0,0,0,0,0,0,0,0,0,0,0,0,0,0,13,0,0,0,0,gbr
60000726,0,0,0,0,0,0,0,0,0,0,0,1,0,0,0,0,0,3,0,0,0,2,deu
60000762,0,0,0,1,1,0,2,3,9,2,9,0,4,0,1,3,3,9,2,10,13,8,deu
60000765,0,0,0,0,0,0,5,0,0,2,0,1,6,2,7,4,0,6,7,4,20,18,deu
60000891,0,0,0,0,0,0,0,0,0,0,0,0,0,0,0,0,0,0,0,0,0,0,gbr
60000905,0,3,1,3,5,14,12,10,9,5,9,21,10,27,46,33,35,66,82,96,81,61,fra
60001060,0,0,0,0,0,0,0,0,0,0,0,0,0,0,0,0,0,0,0,0,0,0,gbr
60001091,0,0,0,0,0,0,0,0,0,0,3,0,0,0,0,2,6,4,0,8,5,12,fra
60001097,0,0,0,0,0,0,0,0,0,0,0,0,0,0,0,2,3,4,6,0,8,0,deu
60001157,0,0,0,0,0,0,0,0,1,0,3,4,17,16,17,29,28,18,10,2,13,9,nld
60001301,0,0,0,0,0,0,0,0,0,0,1,0,0,0,1,5,0,4,0,0,0,0,fra
60001359,0,0,0,0,0,0,0,0,0,0,0,0,0,0,0,0,0,0,0,0,0,0,gbr
60001404,0,0,0,0,0,1,1,0,2,0,6,1,0,0,0,0,0,0,0,0,0,1,fra
60001422,0,2,0,0,5,7,0,5,16,7,19,19,5,9,15,21,31,54,19,27,18,25,fra
60001490,0,0,0,0,0,0,0,0,0,0,0,2,6,0,0,3,2,11,4,21,16,10,gbr
60001542,0,0,0,0,0,0,0,0,0,0,0,0,0,0,0,0,0,0,0,0,0,0,fra
60001601,0,0,0,0,0,0,0,0,0,0,0,0,0,0,0,0,0,0,0,0,0,0,gbr
60001633,0,0,0,0,0,0,0,7,0,1,1,4,4,2,10,11,12,4,17,10,24,8,gbr
60001772,1,1,0,1,3,6,2,0,13,3,5,13,5,7,5,12,6,23,17,11,24,14,fra
60001780,0,0,0,0,0,0,0,0,0,0,0,0,0,0,0,0,0,0,0,0,0,0,fra
60001861,0,0,0,0,0,0,0,0,0,0,0,0,0,0,0,0,0,0,0,0,0,0,fra
60001881,0,2,6,6,1,3,1,3,19,8,6,21,25,14,18,36,18,46,50,39,46,66,gbr
60001972,0,0,0,0,0,0,0,0,0,0,0,0,0,2,1,0,6,13,18,4,8,8,deu
60001997,0,0,0,0,0,0,0,1,1,3,1,0,10,15,1,3,13,18,11,4,25,4,nld
60002083,0,0,0,0,0,0,0,0,0,0,0,0,0,0,0,0,0,0,0,3,0,1,deu
60002158,0,0,0,0,0,0,0,0,0,0,0,0,0,0,0,0,0,0,0,0,0,0,fra
60002174,0,0,0,0,0,0,0,0,0,0,0,0,0,0,0,0,0,0,0,0,0,0,fra
60002220,0,0,0,0,0,0,0,0,0,0,0,0,0,0,0,0,0,0,0,0,0,0,nld
60002284,0,0,0,0,0,0,0,0,0,0,0,0,0,7,1,0,0,0,0,0,0,0,gbr
60002483,0,0,0,0,0,0,5,0,0,0,0,0,0,0,0,0,2,0,0,0,0,3,nld
60002571,0,0,0,0,3,0,0,0,0,0,4,0,3,0,0,6,0,0,0,0,0,0,deu
60002573,0,0,0,0,0,0,0,0,0,0,0,3,0,0,9,3,26,39,15,35,28,45,nld
60002776,0,0,0,0,0,0,0,0,0,0,0,0,0,7,0,0,0,11,0,4,0,0,nld
60002794,0,0,0,0,0,0,0,0,0,0,5,11,10,7,0,6,8,1,0,0,0,0,nld
60002803,0,0,0,0,0,0,0,0,0,0,0,0,0,0,0,0,0,0,0,0,0,0,gbr
60002869,0,0,0,0,0,0,0,0,0,0,0,0,0,0,3,3,0,0,0,7,0,0,gbr
60002900,0,0,0,0,0,0,0,0,0,0,0,0,0,0,2,0,0,0,2,0,12,0,fra
60002967,0,0,0,0,0,0,0,0,0,0,0,0,7,0,0,0,0,0,0,0,1,0,gbr
60003274,0,0,0,0,0,0,0,0,0,0,0,0,0,0,1,0,0,1,3,0,0,0,fra
60003275,0,0,0,0,0,0,0,0,0,0,0,0,0,0,0,0,0,0,0,0,0,0,nld
60003280,0,0,0,0,0,0,0,0,0,0,0,0,8,4,2,5,4,13,0,35,24,6,deu
60003362,0,0,0,0,0,0,0,0,0,0,0,0,0,0,0,0,0,0,0,0,0,6,fra
60003615,0,0,0,0,0,0,0,0,0,0,0,0,0,8,0,3,0,0,0,0,0,5,deu
60003748,0,0,0,0,0,0,0,0,0,0,0,0,0,0,0,0,0,0,0,0,0,0,fra
60003771,0,0,0,0,0,0,0,0,1,1,5,9,0,5,18,17,7,15,21,23,49,53,gbr
60003878,0,0,0,0,0,0,0,0,0,0,0,0,0,0,0,0,0,0,0,0,0,0,nld
60003955,0,0,0,0,0,0,0,0,0,0,0,0,0,0,1,3,2,14,0,0,0,0,gbr
60004078,0,0,0,0,0,0,0,0,0,0,0,0,0,7,0,0,0,9,0,0,0,0,nld
60004120,0,0,0,0,0,0,0,0,0,0,0,0,0,0,0,0,0,0,0,0,0,0,gbr
60004156,0,1,0,0,1,0,5,0,1,1,6,3,15,6,4,15,19,23,28,12,13,6,nld
60004219,0,0,3,1,0,0,0,1,0,5,0,1,0,1,5,1,12,2,8,14,1,12,gbr
60004250,0,0,0,0,0,0,0,0,0,0,0,0,0,0,0,0,0,0,0,0,0,0,fra
60004382,0,0,0,0,0,0,0,0,0,0,0,0,0,0,0,0,0,0,0,0,0,0,gbr
60004410,0,0,0,0,0,0,0,0,0,0,0,0,0,0,0,0,0,0,0,0,0,0,fra
60004492,0,0,0,0,0,0,0,0,0,0,0,0,0,0,0,0,0,0,0,0,0,0,deu
60004572,0,0,0,0,0,0,0,0,0,0,0,0,0,0,0,0,0,0,2,2,9,0,gbr
60004636,0,0,0,0,0,0,0,0,0,0,0,0,0,0,0,0,0,0,0,0,0,0,gbr
60004689,0,0,0,0,0,0,0,0,0,0,0,0,0,0,0,0,0,0,0,0,0,0,fra
60004692,0,0,0,0,0,0,0,0,0,0,0,0,12,0,0,0,0,10,0,12,0,1,deu
60004708,0,0,0,0,0,0,0,0,0,0,0,0,2,0,0,0,1,2,0,0,1,0,gbr
60004765,0,0,0,0,0,0,0,0,0,0,0,0,0,0,0,0,0,0,0,0,0,0,fra
60004898,0,0,0,0,0,0,0,0,0,0,0,1,0,0,0,0,0,0,0,0,1,0,deu
60004981,0,0,0,0,0,0,0,0,0,0,0,0,0,0,0,0,0,0,0,0,0,0,fra
60005036,0,0,0,1,1,1,0,0,3,4,2,5,0,0,4,1,0,2,7,18,18,29,deu
60005164,0,0,0,0,0,0,0,0,0,0,0,0,0,0,0,0,0,0,0,0,0,0,gbr
60005285,0,0,0,0,0,0,0,0,0,0,0,0,0,0,0,0,0,0,0,0,0,0,deu
60005322,0,1,0,0,0,0,1,0,3,0,0,0,3,6,3,5,4,8,0,3,6,1,deu
60005368,0,0,0,0,0,0,0,0,0,0,0,0,0,0,0,0,0,0,0,0,0,0,fra
60005370,0,0,0,0,0,0,0,2,1,0,0,0,0,0,0,0,0,5,0,0,0,0,fra
60005453,0,0,0,0,0,0,0,0,0,0,1,2,0,1,2,0,0,0,0,0,0,0,gbr
60005460,0,0,0,0,0,0,0,0,0,0,0,0,0,0,0,0,0,0,0,0,0,0,deu
60005517,0,0,0,0,0,1,1,0,14,12,3,15,5,20,12,24,15,56,39,38,39,23,gbr
60005518,0,0,0,0,0,0,0,0,0,0,1,1,1,0,0,7,0,17,5,8,9,21,gbr
60005542,0,0,0,0,0,0,0,0,0,0,0,0,0,7,6,0,5,11,0,0,7,9,deu
60005634,0,0,0,0,0,0,0,0,0,0,0,0,0,0,0,0,0,0,0,0,0,0,gbr
60005640,0,0,0,0,0,0,0,0,0,0,0,0,3,0,7,0,0,5,0,9,3,7,fra
60005667,0,0,0,0,1,0,2,1,5,2,0,6,7,1,0,8,13,6,9,2,2,0,fra
60005711,0,0,3,0,3,0,4,6,0,0,3,2,4,9,16,15,23,23,21,53,25,15,fra
60005766,0,0,0,0,0,0,0,0,0,0,0,0,0,0,0,0,0,0,0,0,0,0,fra
60005807,0,0,0,0,0,0,0,0,0,0,0,0,0,0,0,0,0,0,0,0,0,0,deu
60005851,0,0,0,0,0,0,0,0,0,0,0,0,0,0,0,0,4,0,0,0,0,0,fra
60005915,0,0,0,0,0,0,0,0,0,0,0,0,0,0,0,0,0,0,0,0,0,0,fra
60006027,0,0,0,0,0,0,0,0,0,0,6,0,2,6,7,0,8,22,5,22,12,26,nld
60006070,0,0,0,0,0,0,0,0,0,1,1,1,10,0,0,1,1,10,13,12,7,6,deu
60006089,0,0,0,0,0,0,0,0,0,0,0,0,0,0,0,0,0,0,0,0,0,0,deu
60006105,0,0,0,0,0,0,0,0,0,0,0,0,0,0,0,0,0,0,0,0,0,0,fra
60006222,0,0,0,0,9,0,3,8,2,7,2,0,2,1,0,1,10,16,20,20,19,8,gbr
60006253,0,0,0,0,0,0,0,0,0,0,0,0,0,0,0,0,2,6,0,0,0,0,deu
60006288,0,0,0,0,0,0,0,0,0,0,1,0,2,0,0,1,0,7,2,0,0,1,nld
60006380,0,0,0,0,0,0,0,0,0,0,0,0,0,0,0,0,0,0,0,0,0,0,fra
60006384,0,0,0,0,0,0,0,0,0,0,0,0,0,0,1,3,0,0,2,1,1,0,deu
60006429,0,0,0,0,0,0,0,0,0,0,0,0,0,0,0,8,4,0,0,3,7,2,deu
60006444,0,0,0,0,0,0,0,0,0,0,0,2,0,0,0,0,0,6,0,0,4,0,gbr
60006490,0,0,0,0,0,0,0,0,0,0,7,1,0,4,0,9,15,26,19,8,7,3,deu
60006757,0,0,0,0,0,0,0,0,0,0,0,0,0,0,0,0,3,13,0,10,0,3,gbr
60006901,0,0,0,0,0,0,0,0,0,0,0,0,0,0,0,0,0,0,0,0,2,0,gbr
60007118,0,0,0,0,0,0,0,0,0,0,0,0,0,0,0,0,0,0,0,0,0,0,fra
60007173,0,0,0,0,0,0,0,0,0,0,0,0,0,0,0,0,0,0,0,0,0,0,gbr
60007247,0,0,0,0,0,0,0,0,0,0,0,0,0,0,0,0,1,3,5,0,4,6,gbr
60007257,0,0,0,4,3,1,2,8,14,13,8,18,10,19,17,16,3,19,21,14,20,10,deu
60007419,0,0,0,0,0,0,0,0,0,0,0,0,0,0,0,0,0,0,0,0,0,0,gbr
60007470,0,0,0,0,0,2,0,1,0,0,0,0,0,0,0,0,0,0,0,0,0,0,deu
60007493,0,0,0,0,0,0,0,0,0,0,1,3,0,3,2,10,9,1,4,10,16,15,deu
60007548,0,0,0,0,0,0,0,0,0,0,0,0,0,0,0,0,0,0,0,0,10,0,fra
60007573,0,0,0,0,0,0,0,0,0,0,0,0,0,0,0,2,0,0,0,4,3,10,gbr
60007616,0,0,0,0,0,0,0,0,0,0,0,0,0,3,2,8,0,0,0,0,0,2,deu
60007746,0,0,0,0,0,0,0,0,0,0,0,0,0,0,0,0,0,0,0,0,0,0,deu
60007762,0,0,0,0,0,0,0,0,7,0,0,3,0,8,7,13,15,33,13,19,11,24,deu
60007774,0,0,0,0,0,0,0,0,0,0,0,0,0,0,0,0,0,4,0,7,7,2,deu
60007798,0,0,0,0,0,0,0,0,0,0,0,0,0,0,0,2,0,0,0,0,0,1,deu
60007816,0,0,0,0,0,0,0,0,0,0,0,0,0,0,0,0,0,0,0,0,0,0,fra
60007881,0,0,0,0,0,0,0,0,0,0,0,0,0,0,0,0,0,0,0,0,0,0,fra
60007895,0,0,0,0,0,0,0,0,0,0,0,0,0,0,0,10,0,0,0,0,13,12,nld
60007896,0,0,0,0,0,0,0,0,0,0,0,0,0,3,0,0,3,5,9,9,0,5,deu
60007902,0,0,0,0,1,0,0,0,0,0,0,0,0,2,0,2,17,7,4,3,7,0,deu
60007904,0,0,0,0,0,0,0,0,0,0,0,0,6,6,3,2,0,19,0,0,0,4,gbr
60007943,0,0,0,0,0,0,0,0,0,0,0,0,0,0,0,0,0,0,0,0,0,0,deu
60007989,3,0,0,1,1,3,5,4,3,3,3,7,12,5,16,11,20,18,11,14,14,6,nld
60008042,0,0,0,0,0,0,0,0,8,4,2,4,0,0,10,13,1,9,18,2,2,3,deu
60008134,0,3,9,0,3,1,5,10,7,10,10,27,19,25,56,56,45,89,75,78,64,69,fra
60008155,0,0,0,0,0,0,0,0,0,0,0,0,0,0,0,0,0,1,0,2,0,0,deu
60008248,0,0,0,0,0,0,0,1,0,0,0,0,0,0,0,0,0,0,0,2,0,0,deu
60008250,0,0,0,0,0,0,0,0,0,0,0,0,0,0,0,0,0,0,0,0,0,0,gbr
60008293,0,1,4,0,0,0,2,0,3,4,3,0,1,2,0,4,0,1,0,1,0,4,deu
60008323,0,0,0,0,0,0,0,0,6,0,0,0,0,7,7,0,0,0,0,0,3,0,gbr
60008380,0,0,0,0,0,0,0,0,0,0,0,0,0,0,0,0,0,11,0,2,0,0,deu
60008447,0,0,0,0,0,0,0,0,0,0,0,0,3,0,0,0,1,0,0,4,0,0,fra
60008477,0,0,0,0,0,0,0,0,0,0,0,0,0,0,0,0,0,0,0,0,0,0,fra
60008583,0,0,0,0,0,0,0,0,0,0,0,0,0,0,0,0,0,0,0,0,0,0,deu
60008658,0,0,0,0,0,0,0,0,0,0,0,0,1,4,6,11,7,4,15,15,3,0,deu
60008734,0,0,0,0,0,0,6,1,2,0,5,3,2,1,1,10,5,16,18,13,21,12,nld
60008750,0,0,0,0,0,1,2,0,0,2,1,2,2,2,15,2,0,2,3,3,17,10,gbr
60008800,0,0,0,0,0,0,0,0,0,0,0,0,0,0,0,0,0,0,0,0,0,0,fra
60008877,0,0,1,1,0,0,1,0,3,0,0,0,2,9,6,11,7,8,9,1,10,19,gbr
60008888,0,0,0,0,0,0,0,0,0,0,0,0,0,0,0,0,0,0,0,0,0,0,gbr
60008905,0,0,0,0,0,0,0,0,0,0,0,0,0,0,0,0,0,0,0,0,0,0,fra
60008936,0,0,0,0,0,0,0,7,0,0,1,0,3,0,3,6,6,3,8,7,2,28,gbr
60008988,0,0,0,0,0,0,0,0,0,0,0,0,0,0,0,0,0,0,0,0,0,0,deu
60009009,0,0,0,0,0,0,0,0,0,0,0,0,0,0,0,0,0,12,0,4,11,0,gbr
60009016,0,0,0,0,0,0,0,0,0,3,0,0,0,0,0,0,0,2,0,0,10,0,gbr
60009113,0,0,0,0,0,0,0,0,0,0,0,0,3,7,0,0,0,11,0,0,7,0,deu
60009171,0,0,0,0,0,0,0,0,0,0,0,0,0,0,8,0,0,0,0,0,0,0,gbr
60009308,0,0,0,0,0,0,0,0,0,2,0,0,0,0,0,0,14,3,3,7,1,3,deu
60009357,0,0,0,0,0,0,0,0,0,0,0,0,0,0,0,0,6,0,0,0,0,0,fra
60009383,0,0,0,0,0,0,0,0,0,0,0,0,0,0,0,0,0,0,0,0,0,0,gbr
60009445,0,0,0,0,0,0,0,0,0,0,0,11,0,0,0,0,0,0,0,0,8,0,fra
60009448,0,0,0,0,0,0,0,0,0,0,2,0,2,4,2,2,12,0,6,0,9,0,fra
60009554,0,0,0,0,0,0,0,0,0,0,0,0,0,0,0,0,0,0,0,0,0,0,fra
60009587,0,0,0,0,0,0,0,0,0,0,0,0,0,7,0,6,0,11,0,0,0,0,gbr
60009647,0,0,0,0,0,0,0,0,0,0,0,1,0,0,0,7,0,0,5,9,9,0,fra
60009664,0,0,0,0,0,0,0,0,0,0,0,0,0,0,0,0,0,0,0,0,0,0,gbr
60009731,0,0,0,0,0,0,0,0,0,0,0,0,0,0,0,0,0,0,0,0,0,0,deu
60009848,0,0,0,0,0,0,0,0,0,0,0,0,0,0,0,0,0,0,0,0,0,0,fra
60010023,0,0,1,0,1,2,2,0,0,0,0,1,1,0,7,0,0,0,8,15,16,1,nld
60010051,0,0,0,0,0,0,0,0,0,0,0,0,0,0,0,0,0,0,0,3,2,0,fra
60010088,0,0,0,0,0,0,0,0,0,0,0,0,0,0,0,0,0,0,0,0,0,0,gbr
60010269,0,0,0,0,0,0,0,2,6,0,3,1,0,0,4,10,11,15,5,6,7,0,gbr
60010286,0,0,0,0,0,0,0,0,0,0,0,0,0,0,0,0,0,0,0,0,0,0,fra
60010337,0,0,0,0,0,3,0,0,0,0,0,0,6,1,14,2,0,4,2,0,4,0,gbr
60010338,0,0,0,0,0,0,0,0,0,0,0,0,0,0,3,0,0,3,0,0,0,0,deu
60010389,0,0,0,0,0,0,0,0,0,0,0,0,0,0,0,0,0,0,0,0,0,0,gbr
60010426,0,0,0,0,0,0,0,0,0,0,0,0,0,0,0,0,0,0,0,0,0,0,gbr
60010503,0,0,0,0,0,0,0,0,0,0,0,0,0,0,0,0,0,0,0,0,0,0,gbr
60010578,0,0,0,2,1,0,1,0,0,0,0,11,0,0,5,4,3,8,0,7,8,7,fra
60010586,0,0,0,1,0,0,2,0,1,0,5,0,3,9,8,20,1,19,19,33,36,21,deu
60010715,0,0,0,0,0,0,0,0,0,0,0,0,0,0,0,0,0,0,0,0,0,0,fra
60010719,0,0,0,0,0,0,0,0,0,0,0,0,0,1,0,7,8,11,9,16,9,4,gbr
60010818,0,0,0,0,0,0,0,0,0,0,0,0,0,0,0,0,0,0,0,0,0,0,gbr
60010819,0,0,0,0,0,0,0,0,0,0,0,0,0,8,12,0,6,2,0,6,7,0,deu
60010850,0,0,0,0,2,0,0,0,0,0,0,0,0,0,0,0,0,0,3,1,0,0,fra
60010942,0,0,0,0,0,0,0,0,0,0,0,0,0,0,0,0,0,0,0,0,0,0,fra
60010954,0,0,0,0,0,0,0,0,0,0,2,1,3,1,0,6,0,2,4,7,0,2,nld
60010973,0,0,0,0,0,0,0,0,0,3,0,6,1,0,0,0,1,1,3,0,0,4,gbr
60011024,0,0,0,0,0,0,0,0,0,8,0,11,0,0,0,4,0,8,0,9,0,0,fra
60011032,0,0,0,0,0,0,0,0,0,0,0,0,0,0,0,0,0,2,8,3,0,0,gbr
60011226,0,0,0,0,0,0,0,0,0,0,4,3,0,0,1,0,8,8,1,5,0,0,deu
60011447,0,0,0,0,0,0,0,0,0,0,0,0,0,0,0,0,4,0,2,0,4,3,fra
60011520,1,7,2,4,4,3,1,3,20,16,12,12,16,13,30,15,35,69,40,15,53,24,gbr
60011575,0,0,0,0,0,0,0,0,0,0,0,0,0,0,0,0,0,0,0,2,0,1,nld
60011604,0,0,0,0,0,0,0,0,0,0,0,0,0,2,0,0,0,0,0,0,0,0,deu
60011610,0,0,0,0,0,0,0,0,0,0,0,0,0,0,3,0,7,0,2,7,0,0,deu
60011675,0,0,0,0,0,0,0,0,0,0,0,11,0,0,0,0,7,5,11,9,29,0,fra
60011686,0,0,0,0,0,0,0,2,0,0,0,0,0,0,0,6,4,21,15,18,26,31,deu
60011807,0,0,0,0,0,0,0,0,0,0,0,0,0,0,0,0,0,0,0,0,0,0,deu
60011885,0,0,0,0,0,0,0,0,0,0,0,0,0,0,0,0,0,0,0,0,0,0,gbr
60012012,0,0,0,0,0,0,0,0,0,0,0,0,0,0,0,0,0,0,0,0,0,0,fra
60012070,0,0,0,0,0,0,0,0,0,1,6,1,1,1,3,5,4,6,0,0,3,15,gbr
60012113,0,0,0,0,0,0,0,0,0,0,0,0,0,0,0,0,0,0,0,0,0,0,gbr
60012191,0,0,0,0,0,0,0,0,0,0,0,0,0,0,0,0,0,0,0,2,4,0,gbr
60012197,0,0,0,0,0,0,0,0,0,0,0,0,0,0,0,0,0,0,0,0,0,0,gbr
60012299,0,0,0,0,0,0,0,0,0,0,0,0,0,0,0,0,0,0,0,12,0,6,fra
60012345,0,0,0,0,0,0,0,0,0,0,3,0,6,3,0,2,5,11,0,11,7,5,deu
60012357,0,0,0,0,0,0,0,0,0,0,0,0,0,0,0,4,0,0,0,0,7,0,fra
60012408,0,0,0,4,0,0,0,0,0,0,0,1,0,5,2,0,6,0,2,4,6,0,deu
60012537,0,0,0,0,0,0,0,0,0,0,0,0,0,0,0,0,0,0,0,0,0,0,fra
60012556,0,0,0,0,0,0,0,0,0,1,2,4,0,1,3,6,1,4,4,0,0,0,deu
60012558,0,0,0,0,0,0,1,1,0,0,0,0,0,0,0,0,0,0,0,1,0,0,gbr
60012570,0,0,0,0,0,0,0,0,0,0,0,0,0,0,0,0,0,0,0,0,0,0,fra
60012622,0,0,0,0,1,0,0,1,0,1,0,1,1,1,0,0,1,2,1,2,0,0,gbr
60012662,0,0,0,0,0,0,0,6,0,8,6,12,20,14,10,30,41,42,5,31,28,34,gbr
60012689,0,0,0,0,0,3,1,2,6,9,5,3,2,4,7,15,13,11,13,2,14,6,deu
60012754,4,3,4,4,10,3,2,7,11,7,2,12,14,12,13,12,11,20,10,4,5,0,gbr
60012772,0,0,0,0,0,0,0,0,0,0,0,0,0,0,0,0,0,0,0,0,0,0,fra
60012797,0,0,0,0,0,0,0,0,0,1,0,0,0,0,0,8,2,0,4,0,3,0,deu
60012805,0,0,0,0,0,0,0,0,0,0,0,0,0,0,0,0,2,0,2,1,0,0,fra
60012914,0,0,0,0,0,0,0,3,0,0,0,0,2,7,2,20,9,32,28,17,31,6,gbr
60012970,0,0,0,0,0,0,0,0,0,0,0,3,0,0,0,9,5,0,3,0,0,0,gbr
60013046,0,0,0,0,0,0,0,0,0,0,0,0,0,0,0,0,0,0,0,0,0,0,fra
60013148,0,0,0,0,0,0,0,2,0,7,3,0,0,2,3,10,2,0,13,22,30,8,gbr
60013385,0,0,0,0,0,0,0,0,2,2,0,0,0,0,0,8,5,0,0,0,0,0,fra
60013430,0,0,0,0,0,0,0,0,0,0,0,0,0,8,5,5,0,0,5,0,12,0,fra
60013511,0,0,0,0,0,0,0,0,0,0,0,0,0,0,1,4,0,4,0,0,8,9,nld
60013700,0,0,0,0,0,0,0,0,0,0,0,0,0,0,0,19,0,0,12,0,0,0,fra
60013717,0,0,0,0,0,0,0,0,0,0,0,0,0,0,0,3,0,0,6,3,2,0,fra
60013727,0,0,0,0,0,0,0,0,0,0,0,0,0,0,0,0,0,0,0,0,0,0,fra
60013785,0,0,0,0,0,0,0,0,0,0,0,2,0,0,0,0,0,0,0,0,0,0,gbr
60013801,0,0,0,0,0,0,0,0,0,8,0,3,0,0,6,0,5,0,4,3,3,3,gbr
60013865,0,0,0,0,0,0,0,0,0,0,1,0,0,0,0,0,6,1,0,0,9,0,deu
60013902,0,0,0,0,0,0,0,0,0,0,0,0,0,0,0,0,0,0,0,0,0,0,nld
60013985,0,0,0,0,0,0,0,0,0,0,0,0,5,0,0,0,0,0,0,6,0,0,gbr
60013999,0,0,0,0,1,0,1,4,3,0,4,0,5,0,16,5,4,0,2,0,4,18,gbr
60014059,0,0,0,0,1,1,0,0,0,0,5,1,0,0,0,0,1,9,0,1,6,0,deu
60014117,0,0,0,0,0,0,0,2,4,5,0,2,4,6,3,2,2,4,5,3,3,7,deu
60014121,0,0,0,0,0,0,0,1,0,0,0,0,0,0,0,0,0,0,0,0,0,0,nld
60014133,0,0,0,0,0,0,0,0,0,0,0,0,0,0,0,0,0,0,0,0,0,0,deu
60014264,0,0,0,0,0,0,0,0,0,0,1,0,2,1,0,0,3,0,0,15,5,21,deu
60014311,0,0,0,0,0,0,0,0,0,0,3,0,4,0,10,0,0,10,6,0,5,0,gbr
60014449,0,0,0,0,0,0,0,0,0,0,0,0,0,0,0,0,0,0,0,0,0,0,nld
60014541,0,0,0,0,0,0,0,0,0,0,0,0,0,0,0,0,0,0,0,0,0,0,fra
60014551,0,0,0,0,0,0,0,0,0,0,0,0,0,0,0,0,0,0,0,0,0,0,gbr
60014554,0,0,0,0,0,0,0,0,0,0,0,0,0,0,0,0,0,0,0,0,0,0,fra
60014564,0,0,0,0,0,0,0,0,0,0,0,0,0,0,0,0,0,2,0,0,0,6,gbr
60014578,0,0,0,0,0,0,0,0,0,0,0,0,0,0,0,0,0,0,0,0,0,0,nld
60014594,0,0,0,0,0,0,0,0,0,0,0,0,3,0,0,2,0,0,0,0,0,0,nld
60014776,0,0,0,0,2,0,5,0,0,0,0,0,3,0,0,0,0,0,0,0,0,0,nld
60014842,0,0,0,0,0,0,0,0,0,0,0,0,0,0,0,0,0,0,0,0,0,0,deu
60014849,0,0,0,0,0,0,0,0,0,0,0,0,0,0,0,0,0,0,0,0,0,0,fra
60014873,0,0,0,0,0,0,0,0,0,0,0,0,0,0,0,1,0,0,1,0,2,0,gbr
60014906,0,0,0,1,4,3,0,0,0,0,0,1,6,0,0,0,0,1,0,0,0,0,gbr
60015028,0,0,0,0,0,0,0,0,0,0,0,0,0,0,0,0,0,0,0,0,0,0,fra
60015138,0,0,0,0,0,1,0,1,0,2,0,6,0,0,0,4,0,6,19,1,8,10,gbr
60015150,0,0,0,0,0,0,0,7,0,7,0,4,0,0,3,7,6,16,10,20,37,24,gbr
60015159,1,2,3,2,8,2,8,11,4,6,20,26,17,9,11,1,0,8,2,17,8,0,deu
60015196,0,0,0,0,0,0,0,0,0,0,0,0,0,0,0,0,0,0,0,0,0,0,deu
60015205,0,0,2,3,0,0,0,0,0,0,3,13,11,0,8,3,7,6,6,0,5,5,nld
60015339,0,0,0,0,0,0,0,0,0,2,0,0,0,0,0,0,0,0,0,0,2,0,fra
60015595,0,0,0,0,0,0,0,0,0,0,0,0,0,0,0,0,6,0,0,2,0,0,deu
60015618,0,0,0,0,0,0,0,5,0,0,2,8,5,22,6,15,6,20,10,2,17,36,nld
60015622,0,0,0,0,0,0,0,0,0,0,0,0,2,5,0,5,6,13,8,17,0,14,fra
60015627,0,0,0,0,0,0,0,0,0,0,0,0,0,0,0,0,0,0,0,0,0,0,nld
60015756,0,0,0,0,0,0,0,0,0,0,0,0,0,0,0,0,0,0,0,0,0,0,gbr
60015781,0,0,0,0,0,0,0,0,0,0,0,0,0,0,0,0,0,0,0,0,0,0,deu
60015815,0,0,0,0,0,0,0,0,0,0,0,0,1,0,0,0,0,0,8,3,0,2,deu
60015857,0,0,0,0,0,0,0,0,0,0,4,0,0,0,7,11,0,0,0,0,0,6,gbr
60015875,0,0,0,0,0,0,0,0,0,1,0,1,2,0,2,2,2,2,3,5,19,1,gbr
60015879,0,0,0,0,0,0,0,0,3,2,0,1,0,7,9,0,6,0,0,0,2,21,gbr
60015945,0,0,0,0,0,0,0,0,0,0,0,0,0,0,0,0,0,0,0,0,0,0,gbr
60016067,0,0,0,0,0,0,0,0,0,0,0,0,0,0,0,0,0,0,0,0,0,0,fra
60016097,0,0,0,0,0,0,0,0,0,0,0,0,0,0,0,0,0,0,0,0,0,0,fra
60016183,0,0,0,0,0,0,0,0,0,0,0,0,0,0,0,0,0,0,0,0,0,0,deu
60016253,0,0,0,0,0,0,0,0,0,0,0,0,0,0,0,0,0,0,0,0,0,0,fra
60016305,0,0,0,0,0,0,0,0,0,0,0,0,0,0,0,0,0,0,0,0,0,0,deu
60016361,0,0,0,5,0,0,0,0,0,0,0,2,0,0,0,0,0,0,2,0,7,0,fra
60016379,0,0,0,0,0,0,0,0,0,0,1,0,0,0,2,8,0,17,7,0,2,0,gbr
60016415,0,0,0,0,0,0,2,0,0,0,0,10,0,1,2,12,17,48,27,27,30,42,deu
60016418,0,0,0,0,0,0,1,0,3,4,0,0,2,0,0,1,2,2,12,0,0,0,gbr
60016458,0,0,0,0,0,0,0,0,0,2,0,0,0,0,0,2,0,0,0,0,1,2,deu
60016529,0,0,0,0,0,0,0,0,0,1,1,0,0,19,0,5,9,23,11,19,9,9,nld
60016550,0,0,0,0,0,0,0,0,0,0,0,0,0,0,0,0,0,0,0,0,0,0,gbr
60016638,0,0,0,0,0,0,0,5,0,0,0,0,0,0,0,0,0,0,0,0,0,0,fra
60016653,0,0,0,0,0,2,0,0,0,0,1,2,6,8,8,14,13,16,21,24,17,23,deu
60016691,0,0,0,0,0,0,0,0,0,0,4,0,0,6,5,2,0,0,0,10,2,5,gbr
60016726,0,0,0,1,0,0,0,0,0,1,0,0,0,0,0,0,0,0,0,0,0,0,gbr
60016908,6,3,7,0,6,2,3,0,7,18,15,12,22,27,32,24,51,36,39,44,49,29,deu
60016939,0,0,0,0,0,0,0,0,0,0,2,0,1,0,2,7,5,0,0,3,2,0,gbr
60017059,0,0,2,0,5,0,3,1,0,0,0,5,2,0,11,7,11,21,17,20,21,10,deu
60017129,0,0,0,0,0,0,0,0,0,0,0,0,0,0,0,0,0,0,0,0,0,0,gbr
60017134,0,0,0,1,1,0,0,0,0,0,0,5,0,1,0,8,0,0,0,14,6,0,deu
60017166,0,0,0,0,0,0,0,0,0,0,0,0,0,0,0,0,0,0,0,0,0,0,gbr
60017246,2,0,2,0,0,3,2,0,3,12,4,5,5,3,16,12,18,29,9,26,15,11,deu
60017317,0,0,0,0,1,2,1,2,1,5,2,0,0,1,0,6,8,10,6,5,8,12,gbr
60017326,0,0,0,0,0,0,0,0,0,0,0,0,0,0,0,0,0,0,0,2,1,1,gbr
60017419,0,0,0,0,0,0,0,0,0,0,0,0,0,0,0,1,1,1,0,2,0,0,nld
60017438,0,0,0,0,0,0,0,0,0,0,0,12,0,0,0,0,5,0,3,12,0,0,fra
60017488,0,0,0,3,0,0,0,0,0,1,3,2,12,4,0,3,0,7,0,2,6,9,gbr
60017489,0,0,0,0,0,0,0,0,0,0,0,0,0,0,0,0,0,0,0,0,0,0,gbr
60017498,0,0,2,0,0,3,0,0,0,8,2,0,0,0,7,0,0,2,0,0,0,0,gbr
60017724,0,0,0,0,0,0,0,0,0,0,0,0,0,0,0,7,0,0,0,11,7,0,fra
60017766,0,0,0,0,0,0,0,0,3,3,3,1,8,16,9,16,22,27,25,13,15,38,nld
60017780,0,0,0,0,0,0,0,0,0,0,0,0,0,0,0,0,2,4,0,9,5,0,gbr
60017882,0,0,0,0,0,0,0,0,0,0,0,1,0,0,0,2,1,2,5,4,1,3,fra
60017969,0,6,0,0,3,6,4,6,15,31,2,21,10,1,7,0,0,11,10,0,11,15,fra
60018012,0,0,0,0,0,0,0,0,0,0,0,0,0,0,0,0,0,0,0,0,0,0,deu
60018084,0,0,0,0,0,0,0,0,0,0,0,0,0,0,0,1,0,0,0,0,4,0,fra
60018134,0,0,0,0,0,0,0,0,0,0,0,0,0,0,0,7,0,0,0,0,0,0,fra
60018139,0,0,0,0,0,0,0,0,0,0,0,0,0,0,0,0,0,0,0,0,0,0,fra
60018229,0,0,0,0,0,1,0,6,2,2,0,2,6,1,12,15,17,10,3,19,12,18,deu
60018317,0,0,0,0,0,0,0,0,0,0,0,0,2,4,0,5,0,0,3,0,12,0,fra
60018353,0,0,0,0,0,0,0,3,13,3,10,11,12,9,9,11,8,18,15,14,7,25,deu
60018362,0,0,0,0,0,0,0,0,0,0,0,0,0,0,0,0,0,0,0,0,0,0,deu
60018366,0,0,0,0,0,0,0,0,0,0,0,0,1,0,0,1,1,1,0,0,0,0,deu
60018373,0,0,0,0,0,1,1,0,0,0,1,6,0,0,0,1,1,0,0,0,0,2,deu
60018525,0,0,0,0,0,0,0,0,0,0,0,0,0,0,0,0,0,0,0,0,0,0,deu
60018534,0,0,0,0,0,0,0,0,0,0,0,0,0,0,0,0,0,0,0,0,0,0,fra
60018596,0,0,0,0,0,0,0,0,0,0,0,0,0,0,0,0,0,1,0,0,6,0,nld
60018654,0,0,0,0,0,0,0,0,0,0,0,0,0,0,0,0,0,0,0,0,0,0,gbr
60018733,0,0,0,0,0,0,0,0,0,0,0,0,0,0,0,0,4,0,7,43,26,34,fra
60018861,0,0,0,0,0,0,0,0,0,0,0,2,0,0,0,0,1,0,0,2,0,0,gbr
60018869,0,0,0,0,0,0,0,5,0,0,4,0,2,0,1,13,2,18,3,15,8,0,nld
60018965,0,0,0,0,0,0,0,0,0,0,0,0,0,0,0,0,0,0,0,0,0,0,gbr
60019105,0,0,0,0,0,0,0,0,0,0,0,3,1,0,0,0,0,0,0,0,0,0,fra
60019163,0,0,0,2,0,0,0,0,0,0,0,0,0,0,0,0,0,0,0,0,3,0,fra
60019180,0,0,0,0,0,0,0,2,0,1,0,2,0,0,6,0,0,0,2,0,0,0,fra
60019201,0,0,0,0,0,0,0,0,0,0,0,0,0,0,0,0,0,4,0,3,0,0,fra
60019205,0,0,0,0,0,0,0,1,0,0,0,0,0,0,0,0,0,0,0,0,0,0,nld
60019394,0,0,0,0,0,0,0,0,0,0,0,0,0,0,0,0,0,0,2,0,0,0,fra
60019415,0,0,0,0,0,0,0,0,0,0,0,0,0,0,0,0,0,0,0,0,0,0,deu
60019615,0,0,0,0,0,0,0,0,0,0,0,0,0,0,0,0,5,0,0,0,0,0,fra
60019630,0,0,0,0,0,0,0,0,0,0,0,0,0,0,0,0,0,0,0,6,0,0,deu
60019656,0,0,0,0,0,0,0,0,0,0,0,0,0,0,0,0,0,0,3,4,12,7,gbr
60019702,0,0,0,0,0,0,0,0,0,7,3,5,8,2,29,22,13,32,34,13,41,30,gbr
60019722,0,0,0,0,1,0,2,4,4,5,16,1,7,12,12,7,6,16,19,21,35,22,deu
60019816,0,2,1,0,0,0,0,0,1,3,3,1,3,12,1,8,12,18,22,18,22,15,nld
60019839,0,0,0,0,0,0,0,0,0,0,0,0,0,0,2,1,5,0,8,0,4,3,fra
60019953,0,0,0,0,0,0,0,0,0,0,0,0,0,0,0,11,0,6,5,5,9,4,gbr
60019984,0,0,0,0,0,0,0,0,0,0,0,0,0,4,0,5,2,5,1,14,0,0,nld
60019985,0,0,0,0,0,0,0,0,0,0,0,1,0,0,1,4,1,3,1,1,2,4,fra
60019996,0,0,0,0,0,0,0,0,0,0,0,0,0,0,0,0,0,0,0,0,0,0,fra
60020016,0,0,0,0,0,0,0,0,0,0,0,0,0,0,0,0,0,6,0,7,12,0,deu
60020022,0,0,0,0,0,0,0,0,0,0,0,0,0,0,3,10,0,0,0,0,0,0,deu
60020065,0,0,0,0,0,0,0,0,0,0,0,0,0,0,0,0,0,0,3,0,0,0,deu
60020075,0,0,0,0,0,0,0,0,0,0,0,0,0,0,0,0,0,0,0,0,0,0,deu
60020124,0,0,0,0,0,0,0,0,0,0,0,0,0,0,0,0,0,0,0,0,5,0,fra
60020129,0,0,0,0,0,0,0,0,0,0,0,3,8,0,0,0,0,0,0,0,0,5,fra
60020135,0,0,0,0,0,0,0,0,0,0,0,0,0,0,0,3,0,0,0,0,2,2,deu
60020238,0,0,0,0,0,0,0,0,0,0,0,0,0,0,0,0,0,0,0,0,0,0,deu
60020306,0,0,1,0,0,0,0,0,3,0,4,0,7,0,3,5,1,7,0,0,1,7,deu
60020315,0,0,0,0,0,1,0,0,0,0,2,5,0,5,0,4,1,7,7,11,9,10,fra
60020329,7,11,14,18,16,9,13,38,28,41,8,22,30,8,20,21,30,20,11,13,7,4,deu
60020345,0,0,0,0,0,0,0,0,0,0,0,0,0,0,0,0,0,0,0,0,0,0,deu
60020413,0,0,0,0,0,0,0,0,0,0,0,0,0,0,0,0,0,0,0,0,0,0,gbr
60020416,0,0,0,0,0,0,0,0,0,0,0,0,0,0,0,0,0,0,8,5,18,1,gbr
60020454,0,0,0,0,0,0,0,0,0,0,0,5,17,0,0,10,18,0,0,0,0,0,gbr
60020595,0,0,0,0,0,0,0,0,0,0,0,0,0,3,7,2,7,0,0,11,0,0,gbr
60020599,0,0,0,0,0,0,0,0,0,0,0,1,0,0,0,0,0,3,4,0,0,14,nld
60020623,0,0,0,0,0,0,0,0,0,0,0,0,1,0,0,0,0,5,0,0,0,10,gbr
60020649,0,0,0,0,0,0,1,0,0,2,0,1,4,0,2,3,0,0,7,4,6,3,gbr
60020650,0,0,0,0,0,0,0,2,2,0,0,0,1,4,7,4,8,21,0,30,8,13,gbr
60020661,0,0,0,0,0,0,0,2,1,0,0,0,2,1,1,12,4,0,8,5,24,35,gbr
60020730,0,0,0,0,0,0,0,0,0,0,0,0,0,0,0,0,0,0,0,0,0,0,gbr
60020773,0,0,0,0,0,0,0,0,0,0,0,0,0,0,0,0,0,0,0,0,0,0,fra
60020952,0,0,0,0,0,0,0,0,0,0,0,0,0,0,0,2,6,0,0,0,0,0,deu
60021097,0,0,0,0,0,0,0,0,0,0,0,0,0,0,0,2,0,0,0,3,0,2,gbr
60021110,0,0,0,0,0,0,0,0,0,0,0,11,3,0,0,0,0,2,0,0,18,16,deu
60021260,0,0,0,0,0,0,0,0,0,0,0,0,0,0,0,0,0,0,0,0,0,0,fra
60021301,0,0,0,0,0,0,0,0,0,0,0,0,0,0,0,0,0,0,0,0,0,0,gbr
60021311,0,0,0,0,0,0,0,0,0,0,0,0,0,0,0,4,4,4,0,13,5,0,deu
60021327,0,0,0,0,0,0,0,0,4,0,0,0,0,0,0,1,6,0,0,0,2,0,deu
60021328,0,0,0,0,0,0,0,0,0,0,0,0,0,0,0,0,0,0,0,0,0,0,gbr
60021374,0,0,0,0,0,0,0,0,0,0,0,0,0,0,0,0,0,0,0,0,0,0,fra
60021432,0,0,0,0,0,0,0,0,0,0,0,0,0,0,0,0,2,0,0,1,0,0,deu
60021435,0,0,0,0,0,0,0,0,0,0,0,0,1,1,3,11,11,29,4,0,44,0,gbr
60021464,0,0,0,0,0,0,0,0,0,0,0,0,0,0,0,0,0,0,0,0,0,0,gbr
60021488,0,0,1,0,2,4,0,0,0,0,1,0,4,2,4,8,1,3,8,7,2,12,fra
60021564,0,0,0,0,0,0,0,0,0,0,0,0,0,0,0,0,0,0,2,0,2,6,fra
60021567,0,0,0,0,0,0,0,0,0,0,0,0,0,0,0,4,7,0,5,0,0,0,fra
60021722,0,0,0,0,0,0,0,0,0,0,0,0,0,0,0,0,0,0,0,10,0,0,gbr
60021763,0,0,0,0,0,0,0,0,0,0,0,0,0,0,0,0,3,0,12,13,0,2,deu
60021889,0,0,0,0,0,0,0,2,4,0,0,0,0,0,0,0,0,0,0,0,0,0,gbr
60021999,0,0,0,0,0,0,0,0,0,0,0,3,2,4,5,3,4,0,0,2,9,0,fra
60022020,0,0,0,0,0,0,0,0,0,3,1,0,0,5,0,10,5,3,0,0,0,3,gbr
60022023,0,0,0,0,0,0,0,0,0,0,0,0,0,0,0,0,0,0,0,0,0,0,gbr
60022046,0,0,0,0,0,0,0,0,0,0,0,0,0,0,0,0,0,0,3,3,11,3,gbr
60022091,0,0,0,0,0,0,0,0,0,0,0,0,0,0,0,0,0,0,0,0,0,0,nld
60022106,0,0,0,1,0,0,0,0,2,1,4,0,7,3,7,0,2,14,7,9,29,7,gbr
60022109,0,0,0,0,0,2,0,0,0,11,0,1,6,9,0,3,5,9,0,3,14,2,gbr
60022113,0,0,0,0,0,0,0,0,0,0,3,0,0,0,0,0,0,0,0,0,0,0,deu
60022132,0,0,0,0,0,0,0,0,4,0,0,1,0,1,0,3,8,0,11,0,3,14,gbr
60022135,0,0,0,0,0,0,0,0,0,0,0,0,0,0,0,2,10,5,3,0,3,9,deu
60022148,1,3,2,8,9,9,5,20,19,30,5,33,25,21,25,45,45,49,61,64,63,62,gbr
60022175,0,0,0,0,0,0,0,0,0,4,0,0,0,0,0,1,6,2,1,0,2,2,gbr
60022265,0,0,1,0,0,0,0,0,0,0,0,0,0,0,0,0,0,0,0,0,3,0,nld
60022344,0,0,0,0,0,0,0,0,0,0,0,0,0,0,0,0,0,0,0,0,0,0,deu
60022357,0,0,0,0,0,0,0,0,0,4,0,0,0,0,7,11,0,0,0,0,0,0,gbr
60022368,0,0,0,0,0,0,0,0,0,0,6,0,0,0,0,0,0,2,0,5,5,2,fra
60022376,0,0,0,0,0,0,0,0,0,0,0,0,0,0,2,4,2,0,0,2,0,9,fra
60022434,0,0,0,0,0,0,0,0,0,0,0,0,0,0,0,0,0,0,0,0,0,0,deu
60022653,4,1,2,3,0,1,2,5,0,2,2,3,5,3,0,3,13,0,1,5,3,0,deu
60022683,0,0,0,0,0,0,0,0,0,0,0,0,0,0,0,0,0,0,0,0,0,0,deu
60022785,0,0,0,0,0,0,0,0,0,0,0,0,0,0,0,4,0,0,0,9,2,0,fra
60022786,0,0,0,0,0,0,0,0,0,0,0,0,0,0,0,0,0,0,0,0,0,0,deu
60022871,0,0,0,0,0,0,3,0,5,0,0,0,0,0,0,0,0,0,0,7,5,0,gbr
60023080,0,0,0,0,0,0,0,0,0,0,0,0,0,0,0,0,0,0,0,0,0,0,fra
60023131,0,0,0,0,0,0,0,0,0,0,0,0,0,3,0,3,0,0,0,1,0,0,deu
60023208,0,0,0,0,1,0,0,0,0,0,0,0,0,0,2,0,0,0,2,1,0,3,deu
60023239,0,0,0,0,0,0,0,0,0,0,0,0,0,0,0,0,0,0,0,0,0,0,deu
60023251,0,0,0,0,0,0,0,0,0,0,0,0,0,0,0,0,5,1,4,8,0,2,deu
60023477,0,1,0,12,5,11,4,7,10,12,15,10,11,2,12,13,12,30,22,18,16,0,gbr
60023578,0,0,0,0,0,0,0,0,0,0,0,7,17,6,0,4,9,9,6,15,11,4,fra
60023597,0,0,0,0,0,0,0,0,0,0,0,0,9,0,0,0,0,0,0,0,0,0,nld
60023622,0,0,0,0,0,0,0,0,0,0,0,0,0,4,0,0,0,0,0,0,0,0,gbr
60023643,0,0,0,0,0,0,0,0,0,0,0,0,0,0,0,0,0,0,0,1,10,3,gbr
60023665,0,0,0,0,0,0,0,0,6,0,0,5,0,0,0,0,0,0,0,0,0,0,gbr
60023686,0,0,0,0,0,0,0,0,0,0,0,0,0,0,0,2,3,0,2,0,8,3,deu
60023861,0,0,0,0,0,0,0,0,0,0,0,0,0,0,0,0,0,0,0,0,0,0,gbr
60023892,0,0,0,0,0,0,0,0,0,0,0,0,0,0,0,0,0,0,0,0,0,0,deu
60023970,0,0,0,0,0,0,0,0,0,0,0,0,0,0,0,0,0,4,0,0,0,0,fra
60023998,0,1,0,0,0,1,0,3,0,2,0,3,4,5,9,10,0,4,6,6,4,9,gbr
60024007,0,0,3,5,6,2,1,6,5,11,13,17,11,19,19,14,23,34,8,26,17,24,deu
60024025,6,4,2,2,0,0,1,2,4,3,6,32,10,19,27,21,31,41,44,48,22,27,deu
60024052,0,0,0,3,0,0,0,0,4,0,1,6,2,4,9,6,2,4,13,29,6,4,deu
60024067,0,0,0,0,0,0,0,0,0,0,0,0,0,1,0,0,2,0,0,0,0,0,gbr
60024097,0,0,0,0,0,0,0,0,0,0,0,0,0,0,0,0,0,6,0,0,0,0,deu
60024144,0,0,0,0,0,0,0,0,0,0,0,0,0,0,0,0,0,0,0,0,7,2,fra
60024240,0,0,0,0,0,0,0,0,0,0,0,0,2,6,2,0,0,4,0,6,0,0,gbr
60024260,0,0,0,0,0,0,0,0,0,0,0,0,0,0,0,0,0,0,0,0,0,0,deu
60024356,0,0,0,0,0,0,0,0,0,0,0,0,0,0,0,0,0,9,0,0,0,0,gbr
60024400,0,0,0,0,0,0,0,0,0,0,0,0,0,0,0,0,0,0,0,0,0,0,fra
60024418,0,0,0,0,0,0,0,0,0,0,0,0,0,0,0,0,0,0,0,0,0,0,gbr
60024453,0,0,0,0,0,0,0,0,0,0,0,0,0,1,0,2,1,1,0,0,0,0,gbr
60024516,0,0,0,0,0,0,0,0,0,0,0,0,0,0,0,0,0,0,0,0,0,0,nld
60024568,0,0,0,0,0,0,0,0,0,0,0,0,0,0,0,8,0,0,7,0,7,0,gbr
60024581,0,0,0,0,0,0,0,0,0,0,4,0,0,0,0,0,0,8,0,0,0,0,gbr
60024610,0,0,0,0,0,0,0,0,0,0,0,0,0,0,0,3,0,0,0,0,0,0,fra
60024629,0,0,0,0,0,0,2,4,4,0,7,8,7,10,7,8,22,24,9,21,27,9,deu
60024652,0,0,0,1,1,3,1,1,3,1,1,2,4,5,14,12,0,4,14,4,7,10,fra
60024654,0,0,3,0,0,0,0,1,0,0,0,0,0,0,0,0,2,1,0,0,0,8,deu
60024724,0,0,0,0,0,0,0,0,0,0,0,0,0,0,0,0,0,2,8,0,0,2,gbr
60024766,0,0,0,0,0,0,0,0,0,0,0,0,0,0,0,0,0,0,0,0,0,0,deu
60024779,0,0,0,0,0,0,0,0,0,0,1,0,0,1,5,5,4,3,7,8,16,13,gbr
60024805,0,0,0,0,0,0,0,5,7,4,7,3,6,5,4,10,14,13,0,15,27,5,deu
60024806,0,0,0,0,0,0,0,0,0,0,0,0,0,0,0,0,0,0,0,0,0,0,deu
60024834,0,0,0,0,0,0,0,0,0,0,0,0,0,0,0,0,0,0,0,0,0,0,gbr
60024884,0,0,0,0,0,0,0,0,0,8,0,11,6,0,1,8,0,7,0,0,0,0,fra
60024899,0,0,0,0,0,0,0,0,0,0,0,0,0,0,0,0,0,8,5,0,0,0,fra
60024945,0,0,0,0,0,0,0,0,0,0,0,0,0,0,0,3,0,0,5,0,1,0,fra
60024960,0,0,0,0,0,0,0,0,0,0,0,0,0,0,0,0,6,0,12,0,0,5,fra
60025016,0,0,0,0,0,0,0,0,0,0,0,0,0,0,0,0,0,0,5,0,0,0,gbr
60025167,0,0,0,0,0,0,0,0,0,0,0,0,0,0,0,0,0,0,0,0,0,0,deu
60025200,0,0,0,0,0,0,1,0,0,0,0,0,0,2,3,4,0,4,7,5,1,3,gbr
60025225,0,1,0,0,2,2,0,1,4,0,0,0,0,9,0,0,0,6,11,1,0,0,gbr
60025288,0,0,0,0,0,0,0,0,0,0,2,0,2,0,0,0,0,0,0,0,0,0,deu
60025310,0,0,0,0,0,0,0,3,1,1,0,0,0,0,2,4,0,15,1,0,18,0,deu
60025323,0,0,0,0,0,0,0,0,0,0,0,0,0,0,0,0,0,0,0,0,0,0,deu
60025352,0,0,0,0,0,0,0,0,0,0,0,0,0,1,0,0,0,1,2,1,1,0,gbr
60025475,0,0,0,0,0,0,0,0,0,0,0,0,0,0,0,2,3,0,0,9,4,14,gbr
60025525,0,1,2,1,2,2,2,5,5,7,6,7,5,3,9,9,8,8,3,3,19,10,deu
60025580,0,0,0,0,0,0,0,5,0,0,1,0,0,0,0,0,0,0,0,0,0,0,nld
60025618,0,0,0,0,0,0,0,0,0,0,0,0,0,0,0,0,0,0,0,0,0,0,deu
60025641,0,4,3,11,10,6,1,9,6,15,15,27,20,13,13,32,20,22,29,22,19,22,deu
60025649,0,0,0,0,0,0,0,0,0,0,0,0,2,3,0,0,0,8,0,0,0,0,gbr
60025676,0,0,0,0,0,0,0,0,0,0,0,0,0,0,4,4,2,5,7,3,17,24,deu
60025704,0,0,0,0,0,0,0,0,0,0,0,0,0,0,0,0,0,0,0,0,0,0,gbr
60025714,0,0,0,0,0,0,0,0,0,0,0,0,0,0,0,0,0,0,0,0,0,0,deu
60025735,0,0,0,0,0,0,0,0,0,0,0,0,0,0,0,0,0,0,0,0,0,0,fra
60025779,0,0,0,0,0,0,0,0,0,0,0,0,0,0,0,0,0,0,0,0,0,0,gbr
60025833,0,0,0,0,0,0,0,0,0,0,0,0,0,0,0,0,0,0,0,0,0,0,gbr
60025906,0,0,0,0,0,0,0,0,0,0,0,0,0,0,0,0,0,0,0,0,0,0,deu
60025933,0,0,0,0,0,3,3,0,0,0,0,0,0,0,0,0,0,0,0,0,0,0,nld
60025990,0,0,0,0,0,0,0,5,0,1,0,0,0,0,0,0,0,0,0,0,0,4,gbr
60026040,0,0,0,0,0,0,0,0,0,0,0,0,0,5,0,3,0,0,5,0,0,0,fra
60026061,0,0,0,0,0,0,1,0,0,0,0,0,0,2,0,2,0,2,0,0,0,0,fra
60026067,0,0,0,0,0,0,0,0,0,0,0,0,0,0,0,0,0,0,0,0,0,0,fra
60026116,0,0,0,0,0,0,0,0,0,0,0,0,0,0,0,0,0,0,0,0,0,0,gbr
60026124,0,0,0,0,0,4,0,0,0,0,0,0,1,7,10,6,3,15,4,2,10,5,gbr
60026125,0,0,0,0,2,0,3,2,4,0,3,3,10,3,0,11,4,12,6,8,10,4,nld
60026158,0,0,1,0,0,0,1,0,0,0,0,3,0,0,0,0,0,0,13,4,0,4,gbr
60026164,0,0,0,0,0,0,0,0,0,0,0,0,0,0,0,0,0,0,0,0,0,0,fra
60026166,0,0,0,0,0,0,0,0,0,0,0,5,2,3,11,10,10,11,14,10,12,22,deu
60026199,0,0,0,0,0,0,0,0,0,0,0,0,0,0,0,0,0,0,0,0,0,0,nld
60026221,0,0,0,0,0,0,0,0,0,0,0,0,0,0,0,0,0,0,5,0,5,0,fra
60026245,0,0,0,0,0,0,0,0,0,0,4,11,2,7,8,14,0,26,20,3,26,7,deu
60026278,0,0,0,0,0,0,0,0,0,0,2,2,13,3,0,0,16,32,0,4,0,0,nld
60026314,0,0,0,0,0,0,0,0,0,0,0,0,0,0,0,0,0,0,0,0,0,0,fra
60026479,0,0,0,0,0,2,0,2,7,2,0,6,4,2,10,5,21,8,17,9,12,21,gbr
60026530,0,0,0,0,0,0,0,0,0,0,0,0,8,0,8,3,0,4,5,10,2,0,gbr
60026619,0,0,0,0,0,0,0,0,0,0,0,0,0,0,0,0,0,0,0,0,0,0,deu
60026712,1,0,3,0,4,0,0,1,0,0,0,0,0,0,0,0,0,2,0,1,2,3,gbr
60026803,0,2,0,0,1,2,1,0,0,0,0,0,0,0,0,0,0,0,0,1,4,0,fra
60026840,0,0,0,0,0,0,0,0,0,0,0,1,0,0,0,0,0,1,0,0,1,12,deu
60026851,0,1,0,0,0,0,1,0,1,1,0,1,2,11,28,9,9,32,41,25,17,24,gbr
60026877,0,0,0,0,0,0,0,0,0,0,0,0,11,0,0,3,5,4,28,36,28,0,fra
60027101,0,0,0,0,0,0,0,0,0,0,0,0,0,0,0,0,0,0,0,0,0,0,nld
60027156,0,0,0,0,0,0,0,0,0,0,0,0,0,0,0,0,0,4,0,0,0,2,fra
60027185,0,0,0,0,0,0,0,0,0,0,0,0,0,0,0,0,0,0,0,0,0,0,fra
60027245,0,0,3,0,0,0,1,5,6,8,5,4,0,2,0,1,8,0,7,20,9,0,fra
60027272,0,0,0,0,0,0,0,1,0,1,4,4,3,7,10,12,12,19,39,16,40,41,gbr
60027312,0,0,0,0,0,0,0,0,0,0,0,0,0,0,0,0,8,0,0,5,0,0,deu
60027314,0,0,0,3,2,1,2,7,15,11,7,6,12,10,18,24,27,54,11,11,19,15,deu
60027331,0,0,0,0,0,0,0,0,0,0,0,0,0,1,3,0,0,2,4,2,4,0,fra
60027381,0,0,0,0,0,0,0,0,0,0,0,0,0,0,0,0,0,0,0,0,0,0,fra
60027386,0,0,0,0,0,0,0,0,0,0,0,4,0,0,0,0,0,0,0,3,0,0,fra
60027591,0,0,0,0,0,0,0,0,0,0,0,0,0,0,0,0,0,0,0,0,0,0,fra
60027673,0,0,0,0,0,0,0,0,0,0,0,0,0,0,0,0,0,0,0,0,0,0,nld
60027769,0,0,0,0,0,0,0,0,0,0,0,0,0,0,2,0,0,0,1,4,0,1,fra
60027825,0,0,0,0,0,0,0,0,0,0,0,0,0,0,0,0,0,0,0,0,0,0,deu
60027919,0,0,0,0,0,0,0,0,0,0,0,4,2,3,0,8,12,4,3,0,1,2,nld
60027946,0,0,0,0,0,0,0,0,0,0,0,0,0,1,3,0,8,5,4,3,5,0,fra
60028048,0,0,0,0,0,0,0,0,0,0,0,0,0,0,2,0,0,0,0,0,12,3,fra
60028111,0,0,0,0,0,0,0,0,0,0,0,11,0,0,0,0,0,0,0,0,0,5,fra
60028167,0,0,0,0,0,0,0,0,0,2,0,0,0,0,0,0,0,0,1,0,0,0,gbr
60028229,0,0,4,1,1,2,2,5,2,5,5,1,1,2,0,3,0,0,0,0,0,6,deu
60028241,0,0,0,0,0,0,0,0,0,0,0,0,0,0,0,0,0,0,0,0,0,0,deu
60028289,0,0,0,0,0,0,0,0,0,0,0,0,0,4,0,9,11,0,4,0,8,0,deu
60028299,0,0,0,0,0,0,0,0,0,0,0,0,0,0,0,0,0,3,0,0,0,0,gbr
60028304,0,0,0,0,0,0,0,0,0,0,0,0,0,0,0,0,0,0,0,0,0,0,nld
60028311,0,0,0,0,2,0,0,2,0,0,5,6,6,0,0,12,3,6,8,20,8,4,fra
60028355,0,0,0,0,0,0,0,0,0,0,0,0,0,0,0,0,0,0,0,0,0,0,gbr
60028377,0,3,5,1,0,0,0,0,0,0,0,0,1,0,0,0,0,0,0,0,0,0,gbr
60028446,0,0,0,0,0,0,0,0,0,0,0,0,0,0,0,0,0,0,0,0,0,0,fra
60028485,0,0,0,0,0,0,0,0,0,0,0,0,0,0,0,0,0,0,0,0,0,0,gbr
60028498,0,0,0,0,0,0,0,0,0,0,0,0,0,0,0,0,0,0,0,0,0,0,deu
60028587,0,0,0,0,0,0,0,0,0,0,0,0,0,0,0,0,0,0,0,0,0,0,fra
60028634,0,0,0,0,0,0,0,0,0,0,0,0,0,0,0,0,0,0,0,0,0,0,fra
60028673,0,0,0,0,0,0,0,0,0,0,0,0,0,0,0,0,0,0,0,0,0,0,deu
60028690,0,0,0,0,0,0,0,0,0,0,0,0,0,5,0,0,0,0,5,0,0,0,fra
60028717,0,0,0,1,0,1,0,1,2,0,4,1,7,12,18,12,15,19,13,62,39,19,deu
60028784,0,0,0,0,0,0,0,0,0,0,0,0,0,0,0,0,0,0,0,0,10,12,gbr
60028803,0,0,0,0,0,0,0,0,0,0,0,0,0,0,0,0,0,0,0,0,0,0,nld
60028893,0,0,0,0,5,0,0,0,0,0,0,0,0,0,5,0,0,0,0,0,0,0,fra
60028950,0,0,0,0,0,0,0,5,2,0,0,2,8,5,17,23,16,3,32,28,14,15,fra
60028993,0,0,0,0,0,0,0,0,0,0,0,0,0,0,1,0,0,0,0,4,0,0,fra
60029204,0,0,0,0,0,0,0,0,0,0,0,0,0,0,0,3,2,0,4,0,0,5,gbr
60029329,0,0,0,0,0,0,0,0,0,0,0,0,2,0,1,4,0,4,3,10,10,10,gbr
60029336,0,0,0,0,0,0,0,0,0,0,0,0,0,0,0,0,1,2,1,4,0,0,gbr
60029428,0,0,0,0,0,0,0,0,0,2,0,2,3,0,0,0,0,0,3,0,0,0,deu
60029507,5,0,0,0,0,0,0,1,2,0,0,1,4,0,0,10,0,11,5,16,1,5,deu
60029530,0,0,0,0,0,0,0,0,0,0,0,0,0,0,0,3,3,10,0,0,0,0,gbr
60029618,0,0,0,0,0,0,0,0,0,0,0,0,0,0,0,0,0,0,0,0,0,0,nld
60029631,0,0,0,0,0,0,0,0,0,0,0,0,0,0,0,0,0,0,2,0,0,0,fra
60029658,0,0,0,0,0,0,0,0,0,0,0,0,0,0,0,0,0,0,0,8,0,0,fra
60029685,0,0,0,0,0,0,0,0,0,0,0,0,0,0,10,0,0,0,0,5,0,0,gbr
60029689,0,0,0,0,0,0,0,0,0,0,0,0,2,0,0,0,0,9,0,0,0,0,fra
60029738,0,0,0,0,0,0,0,0,0,0,0,0,0,2,0,3,0,0,0,3,6,0,gbr
60029834,0,0,0,0,0,0,0,0,0,0,0,0,0,0,0,0,0,0,0,0,0,0,nld
60029850,0,0,0,1,0,0,1,0,0,0,0,0,0,0,1,0,0,0,0,0,0,0,gbr
60029931,0,0,0,0,0,0,0,0,0,0,0,0,2,0,7,1,0,0,6,15,1,0,deu
60029937,0,0,0,0,0,0,0,0,0,0,0,0,0,0,0,0,0,4,5,2,11,9,fra
60029950,0,2,0,0,0,0,0,0,8,11,1,0,0,0,0,0,0,0,2,0,5,0,gbr
60030040,0,0,0,0,0,0,0,0,0,0,0,0,0,0,0,0,0,0,0,0,0,0,deu
60030208,0,0,0,0,0,0,0,0,0,0,0,0,0,0,0,0,0,0,0,0,0,0,fra
60030210,0,0,0,0,0,0,0,0,0,0,0,0,7,0,0,0,1,0,9,0,0,4,gbr
60030342,0,0,0,0,0,0,1,0,5,2,0,2,1,7,2,4,8,6,8,6,7,12,fra
60030456,0,0,0,0,0,0,0,0,0,0,2,0,0,0,0,0,0,0,6,0,0,0,gbr
60030465,0,0,0,2,0,0,0,0,0,0,0,0,0,2,7,0,0,0,0,0,2,0,deu
60030469,0,0,0,0,0,0,0,0,0,0,0,0,0,0,0,0,0,2,0,3,3,0,gbr
60030480,0,0,0,0,4,0,4,10,5,8,5,11,17,6,10,11,12,10,3,7,15,14,gbr
60030496,0,0,0,0,0,0,0,0,0,0,0,0,0,0,0,0,0,0,0,0,0,0,nld
60030514,0,0,0,0,0,0,0,0,0,0,0,0,0,0,0,0,0,9,6,0,0,4,gbr
60030553,0,0,0,0,0,0,0,0,0,2,0,3,1,4,7,7,6,0,0,3,10,6,fra
60030569,0,0,0,0,0,0,0,0,0,0,0,0,0,0,0,0,0,0,0,0,0,0,deu
60030578,0,0,0,0,0,0,0,0,0,0,0,0,0,0,0,0,0,0,0,0,0,0,fra
60030619,0,0,5,1,4,11,4,0,7,5,2,0,11,3,6,7,1,26,14,0,14,0,deu
60030637,0,0,0,0,0,0,0,0,0,0,0,0,0,0,0,0,3,0,0,0,5,0,deu
60030640,0,0,0,0,0,0,0,0,0,0,0,0,0,0,2,11,4,24,9,19,6,7,fra
60030713,0,0,0,0,0,0,0,0,0,0,0,0,2,0,0,0,0,0,0,0,12,0,fra
60030718,0,0,0,0,0,0,0,0,0,3,0,0,0,6,0,3,2,2,8,6,8,0,deu
60030807,0,0,0,0,0,0,0,0,0,0,0,0,2,4,0,0,0,9,6,3,1,9,deu
60030857,0,0,0,0,0,0,0,0,0,0,0,0,0,0,0,0,0,0,0,5,9,6,fra
60030881,0,0,0,0,0,0,0,0,0,0,2,0,0,2,0,1,7,1,0,5,5,5,deu
60030964,0,0,0,0,0,0,0,0,0,0,0,0,0,0,0,0,0,0,0,0,13,3,fra
60030968,0,0,0,0,0,0,0,0,0,0,0,0,0,0,0,0,0,0,0,0,0,0,gbr
60031066,0,0,1,1,2,0,5,6,12,12,11,26,34,13,8,15,12,24,3,5,4,0,nld
60031101,0,0,2,6,2,4,7,13,7,10,5,5,14,32,37,36,17,38,41,38,58,82,gbr
60031159,0,0,0,0,0,0,0,0,0,0,0,0,0,0,0,0,0,0,0,0,0,0,nld
60031216,0,0,2,2,0,0,0,2,4,2,4,4,1,1,0,12,5,0,11,0,3,8,deu
60031259,0,0,0,0,0,0,0,0,0,0,0,0,0,0,0,0,0,0,0,0,0,0,gbr
60031298,0,0,0,0,0,0,0,0,0,0,0,0,0,0,0,0,0,0,0,4,4,3,deu
60031331,0,0,0,0,0,0,0,0,0,0,0,0,0,0,0,0,0,8,2,0,7,0,gbr
60031514,0,0,0,0,1,0,0,0,0,0,2,12,3,0,12,12,3,19,12,4,9,11,deu
60031594,0,0,0,2,0,0,3,0,0,0,0,0,0,0,0,1,0,0,7,0,2,3,fra
60031668,0,0,0,0,0,0,0,0,0,0,0,0,0,0,0,0,0,0,0,0,0,0,gbr
60031744,0,0,0,0,0,0,0,0,0,0,0,0,1,0,0,3,0,0,0,0,3,1,fra
60031773,0,0,0,0,0,0,0,0,0,0,0,0,0,0,6,0,0,7,0,4,5,0,fra
60031792,0,0,0,0,0,0,0,0,0,0,0,0,0,0,0,0,0,0,0,0,0,0,gbr
60031810,0,0,0,0,0,0,0,0,0,0,0,1,1,0,0,0,0,2,9,7,15,0,fra
60031814,0,0,0,0,0,0,0,0,0,0,0,0,0,0,0,0,0,0,0,0,0,0,fra
60031990,0,0,0,0,0,0,0,0,0,0,0,0,0,0,0,0,0,0,2,0,5,0,gbr
60032006,0,0,0,0,0,0,0,0,0,0,0,2,0,0,0,0,0,0,0,0,0,0,fra
60032114,0,0,0,0,0,0,0,0,1,0,2,3,1,11,23,9,27,31,30,35,21,25,nld
60032215,0,0,0,0,0,0,0,0,0,3,0,1,0,2,0,0,0,0,0,0,0,0,fra
60032385,0,0,0,0,0,0,0,0,0,0,0,0,0,0,0,0,0,0,0,0,0,0,fra
60032401,0,0,0,0,0,0,0,0,0,0,0,0,0,0,0,0,0,0,0,0,0,0,fra
60032515,0,0,0,0,0,0,0,0,0,6,0,0,0,0,3,6,0,0,6,0,23,0,deu
60032530,0,0,0,0,0,0,0,0,0,0,0,0,0,0,9,2,2,3,0,9,0,0,fra
60032542,0,0,0,0,0,0,0,0,0,0,0,0,0,0,0,0,0,5,0,0,0,0,gbr
60032543,0,0,0,1,2,2,3,1,4,3,5,3,2,0,6,8,3,3,2,10,5,6,deu
60032594,0,0,0,0,0,0,0,0,0,0,0,0,0,0,0,0,0,0,0,0,0,0,deu
60032631,0,0,0,0,0,4,1,2,0,0,0,0,5,0,0,2,0,13,0,0,0,0,fra
60032633,0,0,0,0,0,0,0,2,0,0,0,0,0,0,0,0,0,0,0,0,10,0,fra
60032697,0,0,0,0,0,0,0,0,0,0,0,0,0,0,0,0,0,0,0,0,0,0,deu
60032724,0,0,0,0,0,0,1,0,5,1,0,3,10,31,35,56,39,34,62,50,59,22,nld
60032763,0,0,0,0,0,0,0,0,0,3,4,1,0,0,0,0,0,0,0,0,3,0,fra
60032824,0,0,0,0,0,0,0,0,0,0,0,0,0,0,0,0,0,0,0,0,0,0,deu
60032834,0,0,0,0,0,0,0,0,0,0,0,0,3,2,3,2,10,5,8,6,13,13,deu
60032882,0,0,0,0,0,0,0,0,0,0,0,0,0,0,0,6,0,1,0,0,0,2,nld
60032895,0,0,2,1,0,1,7,5,10,8,6,8,6,2,3,7,7,0,4,12,9,3,deu
60032922,0,0,0,0,0,0,0,0,1,1,2,1,2,0,0,11,0,0,3,5,0,0,fra
60032927,0,0,0,0,0,0,0,0,0,0,0,0,0,0,0,0,0,0,0,0,0,0,deu
60032991,0,0,0,0,0,0,0,0,0,0,0,0,0,0,0,0,2,0,0,0,0,0,deu
60033051,0,0,0,0,0,0,0,0,0,0,0,0,0,0,5,0,3,0,0,0,0,3,fra
60033125,0,0,0,0,0,0,0,0,8,0,3,1,9,6,7,5,31,25,15,16,1,25,gbr
60033148,0,0,0,0,0,0,0,2,1,0,0,0,0,0,0,0,0,11,0,13,17,3,fra
60033241,0,0,0,0,0,0,0,0,0,0,0,0,0,0,3,0,3,6,4,4,0,10,deu
60033313,0,0,0,0,0,0,0,0,0,0,0,0,0,0,0,0,0,0,11,6,0,0,gbr
60033387,0,0,0,0,0,0,0,0,0,0,0,0,3,0,0,0,0,0,0,0,0,0,gbr
60033500,0,0,0,0,0,0,0,0,0,0,0,0,0,0,0,0,0,0,0,0,0,0,fra
60034123,0,0,1,0,0,0,0,0,2,0,0,0,0,0,0,2,2,0,6,2,0,0,fra
60046714,0,0,0,0,0,0,0,0,0,0,0,2,0,0,0,0,0,0,0,5,0,0,fra
60048669,0,0,0,0,0,0,0,0,0,0,0,1,0,0,1,2,0,0,0,1,1,0,fra
60068547,0,0,0,0,0,0,0,0,0,0,0,0,0,0,0,0,0,0,0,0,0,0,fra
60068930,0,0,0,0,0,0,0,0,0,0,0,0,0,0,0,0,0,0,0,0,0,0,fra
60068949,0,0,0,0,0,0,0,0,0,0,0,0,0,0,0,0,0,0,0,0,0,0,fra
60069761,0,0,0,0,0,0,0,0,1,0,3,0,5,2,0,0,0,0,0,0,0,0,fra
60069763,0,0,0,0,0,0,0,0,0,0,0,0,0,0,0,0,0,0,0,0,0,0,fra
60069773,0,0,0,0,0,0,0,0,0,0,0,0,0,0,0,0,0,0,0,0,0,0,fra
60070145,0,0,0,0,0,0,0,0,0,0,0,0,0,0,0,0,0,0,4,8,0,5,nld
60070170,0,0,0,0,0,0,0,0,0,0,0,0,0,0,0,0,0,0,0,0,0,0,nld
60070172,0,0,0,0,0,0,0,0,0,0,0,0,2,0,0,0,0,0,4,0,0,0,nld
60070177,0,0,0,0,0,0,0,0,0,0,0,0,0,0,0,0,3,4,0,0,0,0,nld
60070178,0,0,0,0,0,0,0,0,0,0,0,0,0,0,0,0,0,0,7,0,0,0,nld
60070180,0,0,0,0,0,0,0,0,0,0,2,4,0,1,2,4,7,1,2,2,4,0,nld
60070183,0,0,0,0,0,0,0,0,0,0,0,0,1,0,0,3,0,0,0,0,0,0,nld
60070184,0,0,0,0,0,0,0,0,0,0,0,0,0,0,1,0,0,1,2,0,10,0,nld
60070193,0,0,0,0,0,0,0,0,0,0,0,0,0,9,0,2,2,0,0,2,1,5,nld
60070238,0,0,0,0,0,0,0,0,0,0,0,0,0,0,0,0,0,0,0,0,0,0,nld
60070476,0,0,0,0,0,0,0,0,0,0,0,0,0,0,0,2,0,1,0,0,0,4,fra
60070773,0,0,1,0,0,2,2,0,0,0,0,0,0,0,0,0,0,0,0,0,0,0,nld
60072153,0,0,0,0,0,0,0,0,0,0,0,0,0,0,0,0,0,0,0,0,0,0,fra
60072195,0,0,0,0,0,0,0,0,0,0,0,0,0,0,0,0,0,0,0,0,0,0,deu
60072199,0,0,0,0,0,0,0,0,0,0,0,0,0,0,0,0,0,0,0,4,0,3,deu
60072202,0,0,0,0,0,0,0,0,0,0,0,0,1,0,0,0,0,0,0,0,0,0,deu
60072210,0,0,0,0,0,0,0,0,0,0,0,0,0,0,0,0,0,0,0,0,0,0,deu
60072281,0,0,0,0,0,0,0,0,0,0,0,0,0,0,0,0,0,0,0,0,0,0,deu
60072282,0,1,0,0,0,0,0,0,0,0,2,0,0,0,0,0,0,0,0,5,5,3,deu
60072285,0,0,0,0,0,0,0,0,0,0,0,0,0,0,0,0,0,0,0,0,0,0,deu
60072289,0,0,0,0,0,0,0,0,0,0,0,0,0,0,0,7,0,1,0,0,0,0,deu
60072290,0,0,0,0,0,0,0,0,0,0,2,1,3,6,14,10,4,10,4,16,5,14,deu
60072294,0,0,0,0,0,0,0,0,0,0,0,0,0,0,0,0,0,0,4,0,3,0,deu
60072296,0,0,0,0,0,0,0,0,0,0,0,0,0,0,0,0,1,0,3,8,0,0,deu
60072305,0,0,0,0,0,0,0,0,0,0,0,0,0,0,0,0,0,3,0,0,0,0,deu
60072306,0,0,0,0,0,0,0,0,0,0,0,0,0,0,0,2,0,3,1,0,0,0,deu
60072309,0,0,0,0,0,0,0,0,2,3,3,0,0,0,0,0,0,0,0,0,0,0,deu
60072318,0,0,0,0,0,0,0,0,0,0,3,1,0,0,0,0,0,0,0,0,0,0,deu
60072320,0,0,0,0,0,0,0,0,0,0,0,0,0,0,0,0,0,0,0,0,0,0,deu
60072341,0,0,0,0,0,0,0,0,0,0,0,0,0,0,0,0,0,0,0,0,0,0,deu
60072360,0,0,0,0,0,0,0,0,0,0,0,0,0,0,0,0,0,0,0,0,0,0,deu
60072517,0,0,0,0,0,0,0,0,0,0,0,0,0,0,0,0,0,0,0,0,0,0,deu
60072518,0,0,0,0,0,0,0,0,0,0,0,0,0,0,3,0,0,2,7,8,0,0,deu
60072948,0,0,0,0,0,0,0,0,0,0,0,0,0,0,0,0,0,0,0,0,0,0,fra
60073311,0,0,0,0,0,0,0,0,0,0,0,0,0,0,1,0,0,0,0,9,0,0,deu
60073341,0,0,0,0,0,0,0,0,0,0,0,0,0,0,0,0,0,0,0,0,0,0,fra
60073345,0,0,0,0,0,0,0,0,0,0,0,0,0,0,0,0,0,0,0,0,0,0,fra
60073878,0,0,0,0,0,0,0,0,0,0,0,0,0,0,0,0,0,0,0,0,0,0,gbr
60074072,0,0,0,0,0,0,0,0,0,0,0,0,0,0,0,0,0,0,0,0,0,0,deu
60074829,0,0,0,0,0,0,0,0,0,0,0,0,0,0,0,0,0,0,0,0,0,0,deu
60074947,0,0,0,0,0,0,0,0,0,0,0,0,0,0,0,0,0,0,0,0,0,0,deu
60075024,0,0,0,0,0,0,0,0,0,0,0,0,0,0,0,0,2,0,0,0,0,8,deu
60075688,0,0,0,0,0,0,0,0,0,1,0,0,0,0,0,0,0,0,0,0,0,0,deu
60075738,0,0,0,0,0,0,0,0,0,0,0,0,0,0,0,0,0,0,0,0,0,0,deu
60075755,0,0,0,0,0,0,0,0,0,0,0,0,0,0,0,0,0,0,0,0,0,0,deu
60075811,0,0,0,0,0,0,0,0,0,0,3,2,2,0,5,3,4,3,0,9,5,0,deu
60076291,0,0,0,0,0,0,0,0,0,0,0,0,0,0,0,0,0,0,0,0,0,0,deu
60077024,0,0,0,0,0,0,0,0,2,3,4,0,0,2,2,0,0,0,0,5,0,0,deu
60077276,0,0,0,0,0,0,0,0,0,0,0,0,0,0,0,0,0,0,0,0,0,0,deu
60077281,0,0,0,0,0,0,0,0,0,0,0,0,0,0,0,0,0,0,0,0,0,0,deu
60078140,0,0,0,0,0,0,0,0,0,0,0,0,0,0,0,0,0,0,0,0,0,0,nld
60078345,0,0,2,0,0,0,0,0,0,0,0,0,0,0,0,0,0,0,0,2,0,0,deu
60078371,0,0,0,0,0,0,0,0,0,0,0,0,0,0,2,0,0,3,0,3,0,0,deu
60078397,0,0,0,0,0,0,0,0,0,0,0,0,0,0,0,0,0,0,0,0,0,0,deu
60079129,0,0,0,0,0,0,0,0,0,0,0,0,0,0,0,4,0,0,4,0,0,0,deu
60083553,0,0,0,0,0,0,0,0,0,0,0,0,0,0,0,0,0,0,0,0,0,0,deu
60083600,0,0,0,0,0,0,0,0,0,0,0,0,0,5,0,0,2,3,5,0,7,9,fra
60083602,0,0,0,0,0,0,0,0,0,0,0,0,0,0,0,0,0,0,0,0,0,0,fra
60083827,0,0,0,0,0,0,0,0,0,0,0,0,0,0,0,0,0,0,0,0,0,0,fra
60084278,0,0,0,0,0,0,0,0,0,0,0,0,0,0,0,0,0,0,0,0,0,0,nld
60084331,0,0,0,0,0,0,0,0,0,0,4,0,0,0,0,0,0,10,4,10,0,0,deu
60084765,0,0,0,0,0,0,0,0,0,0,3,0,1,0,0,0,0,0,0,0,0,0,nld
60084799,0,0,0,0,0,0,0,0,0,0,0,0,0,0,0,0,0,0,0,0,0,0,nld
60084813,0,0,0,0,0,0,0,0,0,0,0,0,0,2,0,0,0,0,8,3,0,0,deu
60084823,0,0,0,0,0,0,0,0,0,0,0,0,0,0,0,0,0,0,0,0,0,0,deu
60084824,0,0,1,0,1,1,1,0,0,0,0,0,0,3,2,0,5,0,0,7,1,0,deu
60085092,0,0,0,0,0,0,0,0,0,0,0,0,0,0,0,0,0,4,0,6,2,5,fra
60085129,0,0,0,0,0,0,0,0,0,0,0,0,0,0,0,0,0,0,0,0,0,0,deu
60085343,0,0,0,0,0,0,0,0,0,0,0,0,0,0,0,0,0,0,0,0,0,0,deu
60085410,0,0,0,0,0,0,0,0,0,0,0,0,0,0,0,0,0,0,0,0,2,0,nld
60085448,0,0,0,0,0,0,0,0,0,0,0,0,0,0,0,0,0,0,0,0,0,0,nld
60086220,0,0,0,0,0,0,0,0,0,0,0,0,0,0,0,0,0,0,0,0,0,0,deu
60086924,0,0,0,0,0,0,0,0,0,0,0,0,0,0,0,0,0,0,0,0,0,0,deu
60088429,0,0,0,0,0,0,0,0,0,0,0,0,0,0,0,0,0,0,0,0,0,0,deu
60088539,0,0,0,0,0,0,0,0,0,0,0,0,0,0,0,0,0,5,2,1,0,0,deu
60088543,0,0,0,0,0,0,0,0,0,0,0,0,0,0,6,10,0,0,0,0,6,0,deu
60088546,0,0,0,0,0,0,0,0,0,0,0,0,0,0,0,0,0,0,0,0,0,0,deu
60091782,0,0,0,0,0,0,0,0,0,0,0,0,0,0,0,0,0,0,0,0,0,0,deu
60096248,0,0,0,0,0,0,0,0,0,0,0,0,0,0,0,0,0,0,0,0,0,0,deu
60096401,0,0,0,0,0,0,0,0,0,0,0,0,0,0,0,0,0,0,0,0,0,0,deu
60097343,0,0,0,0,0,0,0,0,0,0,0,0,0,0,0,1,2,0,2,2,1,0,gbr
60099415,0,0,0,0,0,0,0,0,0,0,0,0,0,0,0,0,0,0,0,0,0,0,nld
60099418,0,0,0,0,0,0,0,0,0,0,0,0,1,3,3,2,0,0,0,0,0,0,gbr
60099539,0,0,0,0,0,0,0,2,0,0,0,0,1,0,6,5,6,3,7,0,2,7,gbr
60099558,0,0,0,0,0,0,0,0,0,0,0,0,3,0,0,0,5,0,2,0,0,0,deu
60100024,0,0,0,0,0,0,0,0,0,0,0,0,0,0,0,0,0,0,0,0,1,7,gbr
60101362,0,0,0,0,0,1,0,0,0,0,3,0,0,0,0,0,0,0,0,0,0,0,fra
60101364,0,0,0,0,0,0,0,0,0,0,0,0,0,1,0,1,0,0,10,1,3,0,fra
60101489,0,0,0,0,0,0,0,0,0,0,0,0,0,0,0,0,0,0,0,0,0,0,gbr
60101508,0,0,0,0,0,0,0,0,0,0,0,0,0,0,0,0,0,0,0,0,0,0,gbr
60102026,0,0,0,0,0,0,0,0,0,0,0,0,0,0,0,0,0,0,0,0,0,0,gbr
60102054,0,0,0,0,0,0,0,0,0,0,0,0,0,0,0,0,5,0,0,0,0,0,nld
60102124,0,0,0,0,0,0,0,0,0,0,0,0,2,1,15,3,3,3,15,10,13,19,fra
60102125,0,0,0,1,0,1,0,0,0,0,1,1,2,2,5,2,2,9,15,15,16,8,fra
60102126,0,0,0,0,0,0,0,0,0,0,0,4,3,2,3,7,9,4,17,4,0,11,fra
60102127,0,0,0,0,0,0,0,0,0,0,0,0,0,1,0,5,2,0,10,1,2,0,fra
60102134,0,0,0,0,0,0,0,0,0,0,0,0,0,0,0,1,3,0,0,0,0,0,gbr
60102144,0,0,0,0,0,0,0,0,2,1,4,4,0,0,0,0,0,4,0,0,0,0,gbr
60102531,0,0,0,0,0,0,0,0,0,0,1,1,2,10,1,17,9,8,21,14,11,29,deu
60102533,0,0,0,0,0,0,0,0,0,0,0,0,2,0,0,0,0,0,2,0,0,0,deu
60102538,0,0,0,0,0,0,0,0,0,0,0,0,2,2,21,14,29,24,28,31,25,22,deu
60102592,0,0,0,0,0,0,0,0,0,0,0,0,0,2,1,0,1,4,2,0,0,0,fra
60103164,0,0,0,0,0,0,0,0,0,0,0,0,0,0,0,0,0,0,0,0,0,0,deu
60103296,0,0,0,0,0,1,2,0,0,0,0,7,0,4,6,6,0,8,11,30,0,11,gbr
60103357,0,0,0,0,0,0,0,0,0,0,0,0,0,0,0,0,0,0,0,0,0,0,nld
60103368,0,0,1,0,4,4,4,2,9,6,4,4,0,6,9,25,16,24,12,37,5,18,fra
60103459,0,0,0,0,0,0,0,0,0,0,0,0,0,0,0,0,0,0,0,8,15,5,deu
60103671,0,0,0,0,0,0,0,0,0,0,0,0,0,0,0,0,0,0,0,0,0,0,fra
60103674,0,0,0,0,0,0,0,0,0,0,0,0,0,0,1,0,1,24,14,30,26,17,deu
60103814,0,0,0,0,0,0,0,0,0,0,0,0,0,4,0,0,0,4,0,0,1,0,deu
60104201,0,0,0,0,0,0,0,0,0,0,0,0,0,0,1,0,0,0,0,0,2,0,fra
60104289,0,0,0,0,0,0,0,0,0,0,0,0,0,0,0,0,0,0,0,0,2,5,fra
60104569,0,0,0,0,0,0,0,0,0,0,0,0,0,0,0,0,0,0,0,0,0,0,nld
60104611,0,0,0,0,0,0,0,0,0,0,0,0,0,0,0,0,0,0,0,0,0,0,gbr
60104653,0,0,0,0,0,0,0,0,0,0,0,0,3,0,0,0,5,5,4,13,10,5,fra
60104665,0,0,0,0,0,0,0,0,0,0,0,0,0,0,0,0,0,2,0,4,10,1,fra
60104776,0,0,0,0,0,0,0,0,0,0,0,0,0,0,0,0,0,3,4,0,0,0,fra
60104922,0,0,0,0,0,0,0,0,0,0,0,0,0,0,0,0,0,0,0,0,0,0,deu
60104953,0,3,1,0,3,0,1,0,0,1,0,0,0,0,0,0,0,0,0,0,0,0,deu
60105121,0,0,0,0,0,0,0,0,0,0,0,0,0,0,0,0,0,0,0,0,0,0,gbr
60105122,0,0,0,0,0,0,0,0,0,0,0,0,0,0,0,6,2,9,0,2,7,0,gbr
60105167,0,0,0,0,0,0,0,0,0,0,0,0,0,0,0,0,0,0,0,0,0,0,deu
60105228,0,0,0,0,0,0,0,0,0,0,0,0,0,0,0,0,0,0,0,0,0,0,gbr
60105356,0,0,0,0,0,0,0,0,0,0,0,6,8,2,8,0,4,7,4,8,11,4,gbr
60105494,0,0,0,0,0,0,0,0,0,0,0,0,0,0,0,0,0,0,0,0,0,0,fra
60105594,0,0,0,0,0,0,0,0,0,0,0,0,0,0,0,0,2,4,11,1,5,3,fra
60105597,0,0,0,0,0,0,0,0,0,0,0,0,0,0,2,8,0,0,9,5,3,3,fra
60105636,0,0,0,0,0,0,0,0,0,0,0,0,0,0,0,0,0,0,0,0,0,1,fra
60105653,0,0,0,0,0,0,0,0,0,0,0,0,0,0,0,0,0,0,0,0,3,0,fra
60105701,0,0,0,0,0,0,0,0,0,0,0,0,0,0,0,0,0,0,0,0,0,0,deu
60105741,0,0,0,0,0,0,0,0,0,0,0,0,0,0,0,0,0,0,0,0,0,0,fra
60105742,0,0,0,0,0,0,0,0,0,0,0,0,1,0,0,0,0,5,0,0,0,2,fra
60105745,0,0,0,0,0,0,0,0,0,0,0,0,0,0,0,0,0,0,0,0,0,0,fra
60105746,0,0,0,0,0,0,0,0,0,0,0,0,0,0,0,0,0,0,1,1,0,3,fra
60105758,0,0,0,0,0,0,0,0,0,0,0,0,0,0,0,0,0,0,0,0,0,0,fra
60105762,0,0,0,0,0,0,0,0,0,0,0,0,0,0,7,1,0,11,5,12,11,3,fra
60105765,0,0,0,0,0,0,0,0,0,0,0,0,0,0,0,0,0,0,0,0,0,0,fra
60105780,0,0,0,0,0,0,0,0,0,0,0,1,0,0,0,0,6,5,0,4,0,0,fra
60105781,0,0,0,0,0,0,0,0,0,0,0,0,0,0,1,13,12,19,7,20,16,25,fra
60105784,0,0,0,0,0,0,0,0,0,0,0,0,0,0,0,0,0,0,0,0,0,0,fra
60105830,0,0,0,0,0,0,0,0,0,0,0,0,0,0,6,0,4,0,0,0,0,0,gbr
60105831,0,0,0,0,0,0,0,0,0,0,1,1,0,1,0,0,0,1,0,0,5,0,gbr
60105833,0,0,0,0,0,0,0,0,0,0,0,0,1,0,0,0,0,1,9,7,9,7,gbr
60105834,0,0,0,0,0,0,0,0,0,0,0,0,0,0,0,0,0,0,6,0,2,0,gbr
60105994,0,0,0,0,0,0,0,0,0,0,0,0,0,0,0,0,0,0,0,0,0,0,fra
60106017,0,0,0,0,0,0,0,0,0,0,0,0,0,0,0,0,0,0,0,0,12,9,fra
60106023,0,0,0,0,0,0,0,0,0,0,0,0,0,0,0,5,2,1,0,0,0,0,fra
60106092,0,0,0,0,0,0,0,0,0,0,0,0,0,0,0,0,0,0,7,2,0,1,fra
60106095,0,0,0,0,0,0,0,0,0,0,0,0,0,0,0,0,0,0,0,0,3,4,fra
60106100,0,0,0,0,0,0,0,0,0,0,0,0,0,0,0,0,0,0,0,0,0,0,fra
60106110,0,0,0,0,0,0,0,3,0,1,0,0,0,0,4,0,0,0,0,0,0,0,fra
60106117,0,0,0,0,0,0,0,0,0,0,2,0,2,6,6,0,0,0,0,0,3,0,fra
60106137,0,0,0,0,0,0,0,0,0,0,0,0,0,0,0,0,0,0,0,22,14,18,fra
60106204,0,0,0,0,0,0,0,0,0,0,0,0,0,0,0,0,0,0,0,0,0,0,fra
60106231,0,0,0,0,0,0,0,0,0,0,0,0,0,0,0,0,0,0,0,0,3,6,fra
60106235,0,0,0,0,0,0,0,0,0,0,0,0,0,4,0,3,5,0,0,0,0,0,fra
60106244,0,0,0,0,0,0,0,0,0,0,0,1,5,4,6,8,5,7,0,0,2,2,fra
60106282,0,0,0,0,0,0,0,0,0,0,0,0,0,0,0,4,0,0,0,0,0,0,fra
60106310,0,0,0,0,0,0,0,0,0,0,0,0,0,0,0,0,0,1,3,0,3,0,fra
60106313,0,0,0,0,0,0,0,0,0,0,0,0,0,0,0,0,0,0,0,0,0,0,fra
60106336,0,0,0,0,0,0,0,0,0,0,0,0,0,0,0,0,0,0,0,0,0,0,fra
60106629,0,0,0,0,0,0,0,0,0,0,0,0,0,6,0,0,5,20,0,27,24,22,deu
60106700,0,0,0,0,0,0,0,0,0,0,0,0,0,0,0,0,0,4,0,0,0,0,fra
60106782,0,0,0,0,0,0,0,0,0,0,0,0,0,0,0,0,0,0,0,0,0,0,gbr
60106792,0,0,0,0,0,0,0,0,0,0,0,0,0,0,0,0,0,0,0,0,0,0,fra
60106793,0,0,0,0,0,0,0,0,0,0,0,0,0,0,0,0,0,0,0,0,0,0,fra
60106795,0,0,0,0,0,0,0,0,0,0,0,0,0,0,0,0,0,0,0,0,0,0,fra
60106801,0,0,0,0,0,0,0,0,0,0,0,0,0,0,0,0,0,0,0,2,2,0,fra
60106820,0,0,0,0,0,0,0,0,0,0,0,0,0,0,0,0,0,2,0,0,2,6,fra
60106841,0,0,0,0,0,0,0,0,0,0,0,0,0,0,2,1,0,0,5,19,4,0,fra
60106844,0,0,0,0,0,0,0,0,0,0,0,0,0,0,0,0,0,0,0,0,0,0,fra
60106861,0,0,0,0,0,0,0,0,0,0,0,0,0,0,0,0,0,0,0,0,0,0,fra
60106891,0,0,0,0,0,0,0,0,0,0,0,0,0,0,2,0,5,0,0,0,0,0,fra
60106892,0,0,0,0,0,0,0,0,0,0,0,0,0,0,0,0,0,5,0,0,3,1,fra
60106903,0,0,0,0,0,0,0,0,0,0,0,0,0,0,0,0,0,0,0,0,0,0,fra
60106983,0,0,0,0,0,0,0,0,0,0,0,0,0,0,0,0,0,0,0,0,0,0,fra
60106993,0,0,0,0,0,0,0,0,0,0,0,0,0,1,0,0,0,0,0,0,7,0,fra
60107032,0,0,0,0,0,0,0,0,0,0,0,0,0,0,0,0,0,0,0,0,0,0,fra
60107041,0,0,0,0,0,0,0,0,0,0,0,0,0,0,0,0,0,0,0,0,0,0,fra
60107045,0,0,0,0,0,0,0,0,0,0,0,0,0,0,0,0,0,0,0,0,0,0,fra
60107057,0,0,0,0,0,0,0,0,0,0,0,0,0,0,0,0,0,0,0,2,0,2,fra
60107058,0,0,0,0,0,0,0,0,0,0,0,0,0,0,0,0,0,0,0,2,0,1,fra
60107062,0,0,0,0,0,0,0,0,0,0,0,0,0,0,0,0,0,0,0,0,0,0,fra
60107113,0,0,0,0,0,0,0,0,0,0,0,0,0,0,0,0,0,0,0,0,0,0,fra
60107144,0,0,0,0,0,0,0,0,0,0,0,0,0,0,0,0,0,0,0,0,0,0,fra
60107285,0,0,0,0,0,0,0,0,0,0,0,0,0,0,0,0,1,0,3,9,30,16,gbr
60107436,0,0,0,0,0,0,0,0,0,0,0,0,0,0,0,0,0,0,0,0,0,1,fra
60107715,0,0,0,0,0,0,0,0,0,0,0,0,0,0,0,0,0,4,0,1,2,2,deu
60107760,0,0,0,0,0,0,0,0,0,0,0,0,0,0,0,0,0,0,0,0,0,0,deu
60107763,0,0,0,0,0,0,0,0,0,0,0,0,0,0,3,10,0,0,0,0,0,2,deu
60107782,0,0,0,0,0,0,0,0,0,0,0,0,0,0,0,0,0,0,0,0,0,0,fra
60107813,0,0,0,0,0,0,0,0,0,0,0,0,0,0,0,0,0,0,0,0,0,0,fra
60108159,0,0,0,0,0,0,0,0,0,0,0,0,0,0,0,0,0,0,0,0,0,0,fra
60108186,0,0,0,0,0,0,0,0,0,0,0,0,0,0,0,0,0,0,0,0,0,0,fra
60108243,0,0,0,0,0,0,0,0,0,0,0,2,9,1,0,0,0,0,0,0,0,0,fra
60108244,0,0,0,0,0,0,0,0,0,0,0,0,0,0,0,0,0,0,0,0,0,0,fra
60108276,0,0,0,0,0,0,0,0,0,0,0,0,0,0,0,0,0,5,3,1,0,0,fra
60108282,0,0,0,0,0,0,0,0,0,0,0,0,0,0,0,0,0,0,0,4,0,0,fra
60108284,0,0,0,0,0,0,0,0,0,0,0,0,0,0,0,0,0,0,0,0,0,0,fra
60108294,0,0,0,0,0,0,0,0,0,0,0,0,0,0,0,0,0,4,2,2,5,6,fra
60108296,0,0,0,0,0,0,0,0,0,0,0,0,0,0,0,0,0,0,0,0,0,0,fra
60108297,0,0,0,0,0,0,0,0,0,0,0,0,0,0,0,0,0,0,0,0,0,0,fra
60108299,0,0,0,0,0,0,0,0,0,0,0,0,0,0,0,0,0,0,0,0,0,0,fra
60108304,0,0,0,0,0,0,0,0,0,0,0,0,0,0,0,0,0,0,0,0,0,0,fra
60108308,0,0,0,0,0,0,0,0,0,0,0,0,0,0,0,0,0,0,0,0,0,0,fra
60108331,0,0,0,0,0,0,0,0,0,0,0,0,0,0,0,0,0,0,0,0,0,0,fra
60108334,0,0,0,0,0,0,0,2,0,0,0,0,0,3,0,0,0,0,0,0,0,0,fra
60108337,0,0,2,0,0,3,4,7,9,4,11,5,12,16,4,11,10,0,2,0,2,0,deu
60108338,0,0,0,0,0,0,0,0,0,0,0,3,0,1,0,0,8,0,0,0,0,0,deu
60108488,1,0,0,0,0,1,2,2,1,0,2,0,0,4,9,10,22,23,22,11,19,21,fra
60108507,0,0,0,0,0,0,0,0,0,0,0,0,0,0,0,6,0,0,9,3,0,4,fra
60108508,0,0,0,0,0,0,0,0,0,0,0,0,0,0,0,0,0,0,0,1,19,7,fra
60108509,0,0,0,0,0,0,0,0,0,0,0,0,0,4,4,2,8,7,11,13,10,2,fra
60108513,0,0,0,0,0,0,0,0,0,0,0,0,0,0,0,0,0,0,2,6,8,0,fra
60108514,0,0,0,0,0,0,0,0,0,0,0,0,0,0,0,0,0,0,0,0,0,0,fra
60108515,0,0,0,0,0,0,0,0,0,0,0,0,0,0,0,0,0,0,8,0,0,3,fra
60108517,0,0,0,0,0,0,0,0,0,0,0,0,0,0,0,0,0,0,0,0,0,0,fra
60108519,0,0,0,0,0,0,0,0,1,0,0,0,0,0,0,0,0,0,0,0,0,2,fra
60108521,0,0,0,0,0,0,0,0,0,0,0,0,0,3,0,5,8,0,8,6,0,5,fra
60108531,0,0,0,0,0,0,0,0,0,0,0,0,0,0,0,0,0,0,0,3,0,4,fra
60108665,0,0,0,0,0,0,0,0,0,0,0,0,0,0,0,0,0,0,0,5,4,0,fra
60109025,0,0,0,0,0,0,0,0,0,0,0,0,0,0,0,0,0,0,0,0,4,2,gbr
60109146,0,0,0,0,0,0,0,0,0,0,0,0,4,5,4,0,0,0,0,0,0,0,gbr
60109149,0,0,0,0,0,0,0,0,0,0,0,0,0,0,0,0,0,0,0,0,0,0,gbr
60109162,0,0,0,0,0,0,0,0,0,0,0,0,0,0,0,0,0,0,0,0,0,0,gbr
60109190,0,0,0,0,0,0,0,0,0,0,0,0,0,0,0,0,0,0,0,0,0,0,gbr
60109234,0,0,0,0,0,0,0,0,0,0,0,0,0,1,2,0,2,0,7,6,4,13,gbr
60109411,0,0,0,0,0,0,0,0,0,0,0,0,0,0,0,0,0,0,0,0,0,0,fra
60109504,0,0,0,0,0,0,0,0,0,0,0,0,0,0,0,0,0,0,0,0,0,0,fra
60109852,0,0,0,0,0,0,0,0,0,0,0,0,0,0,0,0,0,0,0,2,0,1,nld
60110693,0,0,0,0,0,0,0,0,0,0,0,0,0,0,0,0,0,0,0,0,0,0,fra
60110695,0,0,0,0,0,0,0,0,0,0,0,0,0,0,0,0,0,0,0,0,0,0,fra
60110697,0,0,0,0,0,0,0,0,0,0,0,0,0,0,0,0,0,0,0,0,5,3,fra
60110741,0,0,0,0,0,0,0,0,0,0,0,0,0,0,0,0,0,0,0,0,0,0,fra
60110752,0,0,0,0,0,0,0,0,0,0,0,0,0,0,0,0,0,0,0,0,0,0,gbr
60110756,0,0,0,0,0,0,0,0,0,1,0,0,0,0,0,1,0,0,0,0,0,0,fra
60110825,0,0,0,0,0,0,0,0,0,0,0,0,0,3,0,0,0,0,0,3,0,0,gbr
100312675,0,0,0,0,0,0,0,0,0,0,0,0,0,0,0,0,0,0,0,0,0,0,gbr
100313881,0,0,0,0,0,0,0,0,0,0,0,0,0,0,0,0,0,0,0,0,0,0,fra
100316070,0,0,0,0,0,0,0,0,0,0,0,0,0,0,0,0,0,0,0,0,0,0,gbr
100317123,0,0,0,0,0,0,0,0,0,0,0,0,0,0,0,0,0,0,0,0,0,0,fra
100317317,0,0,0,0,0,0,0,0,0,0,0,1,0,0,0,0,0,0,0,0,2,0,gbr
100319261,0,0,0,0,0,0,0,5,0,1,0,0,0,0,0,0,0,0,0,0,0,0,gbr
100323497,0,0,0,0,0,0,0,0,0,0,0,0,0,0,0,0,0,0,0,0,0,0,deu
100324620,0,0,0,0,0,0,0,0,0,0,0,0,0,0,0,0,0,0,0,0,0,0,gbr
100326616,0,0,0,0,0,0,0,0,0,0,0,0,0,0,0,0,0,0,0,0,0,0,fra
100328199,0,0,0,0,0,0,0,0,0,0,0,0,0,0,0,0,0,0,0,0,0,0,deu
100328212,0,0,0,0,0,0,2,1,0,0,0,0,0,0,0,0,0,0,0,0,0,0,gbr
100329824,0,0,0,0,0,0,0,0,0,0,0,0,0,0,0,0,0,0,0,2,0,0,deu
100330768,0,0,0,0,0,0,0,0,0,0,0,0,0,0,0,0,0,0,0,0,0,0,gbr
100331481,0,0,0,0,0,0,0,0,0,0,0,0,0,0,0,0,0,3,0,0,0,0,deu
100332194,0,0,0,0,0,0,0,0,0,0,0,0,0,0,0,0,0,0,0,0,0,0,deu
100333513,0,0,0,0,0,0,0,1,5,0,0,0,0,0,0,0,0,0,0,0,0,0,deu
100337022,0,0,0,0,0,0,0,0,0,0,0,0,0,0,0,0,0,0,0,0,0,0,nld
100339938,0,0,0,0,0,0,0,0,0,0,0,0,2,1,0,0,0,0,0,0,0,0,deu
100341274,0,0,0,0,0,0,0,0,4,0,1,0,0,0,0,0,0,0,0,0,0,0,deu
100343596,0,0,0,0,0,0,0,0,0,0,0,3,1,0,7,0,0,0,0,0,0,0,fra
100344921,0,0,0,0,0,0,0,0,0,0,0,0,0,0,0,0,0,0,0,0,0,0,fra
100345081,0,0,0,0,0,0,0,0,0,0,0,0,0,0,0,0,0,0,0,0,0,0,gbr
100349470,0,0,0,0,0,0,0,0,0,0,0,0,0,0,0,0,0,0,0,0,0,0,deu
100358152,0,0,0,0,0,0,0,0,0,0,0,0,0,0,0,0,0,0,0,0,0,0,deu
100359650,0,0,0,0,0,0,0,0,0,0,0,0,0,0,0,0,0,0,0,0,0,0,nld
100360789,0,0,0,0,0,0,0,0,0,0,0,0,0,0,0,0,0,0,0,0,0,0,fra
100361106,0,0,0,0,0,0,0,0,0,0,0,0,0,0,0,0,0,0,0,0,0,0,deu
100361595,0,0,0,0,0,0,0,0,0,0,0,0,0,0,0,0,0,0,0,0,0,0,deu
100362273,0,0,0,0,0,0,0,0,0,0,0,0,0,0,0,0,0,0,0,0,0,0,deu
100366743,0,0,0,0,0,0,0,0,0,0,0,0,0,0,0,0,0,0,0,0,0,0,fra
100367923,0,0,0,0,0,0,0,0,0,0,0,0,0,0,0,0,0,0,0,0,0,0,fra
100368293,0,0,0,0,0,0,0,0,0,0,0,0,0,0,0,0,0,0,0,0,0,0,deu
100370048,0,0,0,0,0,0,0,0,0,0,0,0,0,0,0,1,2,3,0,0,0,0,deu
100370510,0,0,0,0,0,0,0,0,0,0,0,0,0,0,0,0,0,0,0,0,0,0,gbr
100373345,0,0,0,0,0,0,0,0,1,0,1,0,0,0,0,0,0,0,0,0,0,0,deu
100380370,0,0,0,0,0,0,0,0,5,0,0,0,2,0,0,0,0,0,0,0,0,0,deu
100380647,0,0,0,0,0,0,0,0,0,0,0,0,0,0,0,0,0,0,0,0,0,0,deu
100387772,0,0,0,0,0,0,0,0,0,0,0,0,0,0,0,0,0,0,0,0,0,0,deu
100393165,0,0,0,0,0,0,0,0,0,0,0,0,0,0,0,0,0,0,0,0,0,0,deu
100394182,0,0,0,0,0,0,0,0,0,0,0,0,0,0,0,0,0,0,0,0,0,0,gbr
100399697,0,0,0,0,0,0,0,0,0,0,0,0,0,0,0,0,0,0,0,0,0,0,deu
100401573,0,0,0,0,0,0,0,0,0,0,0,0,0,0,0,0,0,0,0,0,0,0,deu
100402381,0,0,0,0,0,0,0,0,0,0,0,0,0,0,0,0,0,0,0,0,0,0,fra
100408305,0,0,0,0,0,0,0,0,0,0,0,0,0,0,0,0,0,0,0,0,0,0,deu
100410716,0,0,0,0,0,0,0,0,3,1,2,0,0,0,0,0,0,0,0,4,0,0,nld
100414207,0,0,0,0,0,0,0,0,1,4,0,0,0,0,0,0,0,0,0,0,0,0,deu
100418380,0,0,0,0,0,0,0,0,0,0,0,0,0,0,0,0,0,0,0,0,0,0,deu
100425528,0,0,0,0,0,0,1,0,1,0,0,0,0,0,0,0,0,0,0,0,0,0,deu
100426730,0,0,0,0,0,0,0,0,0,0,0,0,0,0,0,0,0,0,0,0,0,0,fra
100430027,0,0,0,0,0,0,0,0,0,0,0,0,0,1,2,0,0,0,0,0,0,0,deu
100431795,0,0,0,0,0,0,0,0,0,0,0,0,0,0,0,0,0,0,0,0,0,0,fra
100432577,0,0,0,0,0,0,0,0,0,0,0,0,0,0,0,0,0,0,0,0,0,0,gbr
100432788,0,0,0,0,0,0,0,0,0,0,0,0,0,0,0,0,0,0,0,0,0,0,nld
100436452,0,0,0,0,0,0,0,0,0,0,0,0,0,0,0,0,0,0,0,0,0,0,deu
100439042,0,0,0,0,0,0,0,0,0,0,0,0,0,0,0,0,0,0,0,0,0,0,deu
100439650,0,0,0,0,0,0,0,0,0,0,0,0,0,0,0,0,0,0,0,0,0,0,deu
100443262,0,0,0,0,0,0,0,0,0,0,0,0,0,0,0,0,0,0,0,0,0,0,fra
100444938,0,0,0,0,0,0,0,0,0,0,0,0,0,0,0,0,0,0,0,0,0,0,deu
100447416,0,0,0,2,0,0,0,1,3,8,0,0,0,0,0,0,0,0,0,0,0,0,deu
100449860,0,0,0,0,0,0,0,0,0,0,0,0,0,0,0,0,0,0,0,0,0,0,deu
100455531,0,0,0,0,0,0,0,0,0,0,0,0,0,0,0,0,0,0,0,0,0,0,gbr
100457533,0,0,0,0,0,0,0,0,0,0,0,0,0,0,0,0,0,0,0,0,0,0,fra
100461140,0,0,0,0,0,0,0,0,0,0,0,0,0,0,0,0,0,0,0,0,0,0,deu
100465473,0,0,0,0,0,0,0,0,0,0,0,0,0,0,0,0,0,0,0,0,0,0,deu
100471963,0,0,0,0,0,0,0,0,0,3,2,0,0,0,0,0,0,0,0,3,0,2,deu
100478086,0,0,0,0,0,0,0,0,0,0,0,0,0,0,0,0,0,0,0,0,0,0,gbr
100479157,0,0,0,0,0,0,0,0,0,0,0,0,0,0,0,0,0,0,0,0,0,0,deu
100492214,0,0,0,0,0,0,0,0,0,0,0,0,0,0,0,0,0,0,0,0,0,0,deu
100492861,0,0,0,0,0,0,0,0,0,0,0,0,0,0,0,0,0,0,0,0,0,0,fra
100494832,0,0,0,0,0,0,0,0,0,0,0,0,0,0,0,0,0,0,0,0,0,0,deu
100504081,0,0,0,0,0,0,0,0,0,0,0,0,0,0,0,0,0,0,0,0,0,0,deu
100505015,0,0,0,0,0,0,0,0,0,0,0,0,0,0,0,0,0,0,0,0,0,0,gbr
100505735,0,0,0,0,0,0,0,0,0,0,0,0,0,0,0,0,0,0,0,0,0,0,fra
100506014,0,0,0,0,0,0,0,0,0,0,0,0,0,0,0,0,0,0,0,0,0,0,fra
100508247,0,0,0,0,0,0,0,0,0,0,0,0,0,0,0,0,0,0,0,0,0,0,fra
100511854,0,0,0,0,0,0,0,0,0,0,0,0,0,0,5,5,0,0,0,0,0,0,fra
100512344,0,0,0,0,0,0,0,0,0,0,0,0,0,0,0,0,0,0,0,0,0,0,deu
100518334,0,0,0,0,0,0,0,0,0,0,0,0,0,0,0,0,0,0,0,0,0,0,deu
100524708,0,0,0,0,0,0,0,0,0,0,0,0,0,0,0,0,0,0,0,0,0,0,deu
100525866,0,0,0,0,0,0,0,0,0,0,0,0,0,0,0,0,8,1,0,0,0,0,fra
100528017,0,0,0,1,0,0,0,0,0,0,0,0,7,0,0,0,0,0,0,0,0,0,deu
100528374,0,0,0,0,0,0,0,0,0,0,0,0,2,0,3,0,0,0,0,0,0,0,deu
100528538,0,0,0,0,0,0,0,0,0,0,0,0,0,0,0,0,0,0,0,0,0,0,gbr
100528577,0,0,0,0,0,0,0,0,0,0,0,0,0,0,0,0,0,0,0,0,0,0,nld
100535064,0,0,0,0,0,0,0,0,0,0,0,0,0,0,0,0,0,0,0,0,0,0,nld
100541188,0,0,0,0,0,0,0,0,0,0,0,0,0,0,0,0,0,0,0,0,0,0,gbr
100541698,0,0,0,0,0,0,0,0,0,0,0,0,6,0,5,0,5,0,0,0,0,0,deu
100546782,0,0,0,0,0,0,0,0,0,0,0,0,0,0,0,0,0,0,0,0,0,0,deu
100547567,0,0,0,0,0,0,0,0,0,0,0,0,0,0,0,0,0,0,0,0,0,0,deu
100560033,0,0,0,0,0,0,0,0,0,0,0,0,0,0,0,0,0,0,0,0,0,0,deu
100569017,0,0,0,0,0,0,0,0,0,0,0,0,0,0,0,0,0,0,0,0,0,0,fra
100570744,0,0,0,0,0,0,0,0,0,0,0,0,0,0,0,0,0,0,0,0,0,0,deu
100570850,0,0,0,0,0,0,0,0,0,0,0,0,0,0,0,0,0,0,0,0,0,0,fra
100576964,0,0,0,0,0,0,0,0,0,0,0,0,0,0,0,0,0,0,0,0,0,0,gbr
100587752,0,0,0,0,0,0,0,0,0,0,0,0,0,0,0,6,4,2,4,3,0,0,nld
100588477,0,0,0,0,0,0,0,0,0,0,0,0,0,0,0,0,0,0,0,0,0,0,fra
100590482,0,0,0,0,0,0,0,0,0,0,0,0,0,0,0,0,0,0,0,0,0,0,gbr
100591137,0,0,0,0,0,0,0,0,0,0,0,0,0,0,0,0,0,0,0,0,0,0,deu
100597964,0,0,0,0,0,0,0,0,0,0,0,0,0,0,0,0,0,0,0,0,0,0,deu
100600773,0,0,0,0,0,0,0,0,0,0,0,0,0,0,0,0,0,0,0,0,0,0,fra
100605096,0,0,0,0,0,0,0,0,0,0,0,0,0,0,0,0,0,0,0,0,0,0,gbr
100622846,0,0,0,0,0,0,0,0,0,0,0,0,0,0,0,0,0,0,0,0,0,0,deu
100623475,0,0,0,0,0,0,0,0,0,0,0,0,0,0,0,0,0,0,0,0,0,0,deu
100627050,0,0,0,0,0,0,0,0,0,0,0,0,0,0,0,0,0,0,0,0,0,0,deu
100660448,0,0,0,0,0,0,0,0,0,0,0,0,0,0,0,0,0,0,0,0,0,0,gbr
100669392,0,0,0,1,0,0,0,0,0,0,0,0,0,0,0,0,0,0,0,0,0,0,fra
100678068,0,0,0,0,0,0,0,0,0,0,0,0,0,0,0,0,0,0,0,0,0,0,nld
100690530,0,0,0,0,0,0,0,0,0,0,0,0,0,0,0,0,0,0,0,0,0,0,fra
100704803,0,0,0,0,0,0,0,0,0,0,0,0,0,0,0,0,0,0,0,0,0,0,deu
100721271,0,0,0,0,0,0,0,0,0,0,0,0,0,0,0,0,0,0,0,0,0,0,deu
100738359,0,0,0,0,0,0,0,0,0,0,0,0,0,0,0,0,0,0,0,0,0,0,deu
100743139,0,0,0,0,0,0,0,0,0,0,0,0,0,0,0,0,0,0,0,0,0,0,gbr
100750041,0,0,0,0,0,0,0,0,0,0,0,0,0,0,0,0,0,0,0,0,0,0,deu
100753181,0,0,0,0,0,0,0,0,0,0,0,0,0,0,0,0,0,0,0,0,0,0,deu
100761191,0,0,0,0,0,0,0,0,0,0,0,0,0,0,0,0,0,0,0,0,0,0,fra
100771463,0,0,0,0,0,0,0,0,0,0,0,0,0,0,0,0,0,0,0,0,0,0,fra
100776882,0,0,0,0,0,0,0,0,0,0,0,0,0,0,0,0,0,0,0,0,0,0,deu
100777094,0,0,0,0,0,0,0,0,0,0,0,0,0,0,0,0,0,0,0,0,0,0,gbr
100780992,0,0,0,0,0,0,0,0,2,2,3,0,0,0,0,0,0,0,0,0,0,0,deu
100789509,0,0,0,0,0,0,0,0,0,0,0,0,0,0,0,0,0,0,0,0,0,0,nld
100789941,0,0,0,0,0,0,0,0,0,0,0,0,0,0,0,0,0,0,0,0,0,0,fra
100797487,0,0,0,0,0,0,0,0,0,0,0,0,0,0,0,0,0,0,0,0,0,0,deu
100798071,0,0,0,0,0,0,0,0,0,0,0,0,0,0,0,0,0,0,0,0,0,0,fra
100801462,0,0,0,0,0,0,0,0,0,0,0,0,0,0,0,0,0,0,0,0,0,0,deu
100801566,0,0,0,0,0,0,0,0,0,0,0,0,0,0,0,0,0,0,0,0,0,0,deu
100806537,0,0,0,0,0,0,1,0,0,0,0,0,0,0,0,0,0,0,0,2,0,0,fra
100818126,0,0,0,0,0,0,0,0,0,0,0,0,0,0,0,0,0,0,0,0,0,0,deu
100821073,0,0,0,0,0,0,0,0,0,0,0,0,0,0,0,0,0,0,0,0,0,0,deu
100822600,0,0,0,0,0,0,0,0,0,0,0,3,0,0,0,0,0,0,0,0,0,0,fra
100832687,0,0,0,0,0,0,0,0,0,0,0,0,0,0,0,0,0,0,0,0,0,0,fra
100833789,0,0,0,0,0,0,0,0,0,0,0,0,0,0,0,0,0,0,0,0,0,0,deu
100834716,0,0,0,0,0,0,0,0,0,0,0,0,0,0,0,0,0,0,0,0,0,0,gbr
100837418,0,0,0,0,0,0,0,0,0,0,0,0,0,0,0,0,0,0,0,0,0,0,fra
100840518,0,0,0,0,0,0,0,0,0,0,0,0,0,0,0,0,0,0,0,0,0,0,fra
100851172,0,0,0,0,0,0,0,0,0,0,0,0,0,0,0,0,0,0,4,5,0,0,fra
100851417,0,0,0,0,0,0,0,0,0,0,0,0,0,0,0,0,0,0,0,0,0,0,fra
100851848,0,0,0,0,0,0,0,0,0,0,0,0,0,0,0,0,0,0,0,0,0,0,deu
100856084,0,0,0,0,0,0,0,0,0,0,0,0,0,0,0,0,0,0,0,0,0,0,gbr
100856164,0,0,0,0,0,0,0,0,0,0,0,0,0,0,0,0,0,0,0,0,0,0,deu
100860106,0,0,0,0,0,0,0,0,0,0,0,0,0,0,0,0,0,0,0,0,0,0,gbr
100905671,0,0,0,0,0,0,0,0,0,0,0,0,0,0,0,0,0,0,0,0,0,0,nld
100909520,0,0,0,0,0,0,0,0,0,0,0,0,0,0,0,0,0,0,0,0,0,0,deu
100948646,0,0,0,0,0,0,0,1,1,0,0,0,0,0,0,0,0,0,0,0,0,0,deu
100948790,0,0,0,0,0,0,0,0,0,0,0,0,0,0,0,0,0,0,0,0,0,0,gbr
100967658,0,0,0,0,0,0,0,0,0,0,0,0,0,0,0,0,0,0,0,0,0,0,gbr
101003987,0,0,0,0,0,0,0,0,0,0,0,0,0,0,0,0,0,0,0,0,0,0,deu
101007847,0,0,0,0,0,0,0,0,0,0,0,0,2,0,2,0,0,0,0,0,0,0,deu
101047257,0,0,0,0,0,0,0,0,0,0,0,0,0,0,0,0,0,0,0,0,0,0,deu
101051299,0,0,0,0,0,0,0,0,0,0,0,0,0,0,0,0,0,0,0,0,0,0,deu
101052531,0,0,0,0,0,0,0,0,0,0,0,0,0,0,0,0,0,0,0,0,0,0,nld
101060805,0,0,0,0,0,0,0,0,0,0,0,0,0,0,0,0,0,0,0,0,0,0,deu
101070851,0,0,0,0,0,0,0,0,0,0,0,0,0,0,0,0,0,0,0,0,0,0,nld
101077310,0,0,0,0,0,0,0,0,0,0,0,0,0,0,0,0,0,0,0,0,0,0,fra
101089289,0,0,0,0,0,0,0,0,0,0,0,0,0,0,0,0,0,0,0,0,0,0,gbr
101103291,0,0,0,0,0,0,0,0,0,0,0,0,0,0,0,0,0,0,0,0,0,0,gbr
101134093,0,0,0,0,0,0,0,0,0,0,0,0,0,0,0,0,0,0,0,0,0,0,deu
101152215,0,0,0,0,0,0,0,0,0,0,0,0,0,0,0,0,0,0,0,0,0,0,fra
101168532,0,0,0,0,0,0,0,0,0,0,0,0,0,0,0,0,0,0,0,0,0,0,fra
101168854,0,0,0,0,0,0,0,0,0,0,0,0,0,0,0,0,0,0,0,0,0,0,deu
101208124,0,0,0,0,0,0,0,0,0,0,0,0,0,0,0,0,0,0,0,0,0,0,deu
101211524,0,0,0,0,0,0,0,0,0,0,0,0,0,0,0,0,0,0,0,0,0,0,gbr
101216096,0,0,0,0,0,0,0,0,0,0,0,0,0,0,0,0,0,0,0,0,0,0,deu
101250625,0,0,0,0,0,0,0,0,0,0,0,0,0,0,0,0,0,0,0,0,0,0,deu
101281684,0,0,0,0,0,0,0,0,0,0,0,0,0,0,0,0,0,0,0,0,0,0,gbr
101303966,0,0,0,0,0,0,0,0,0,0,0,0,0,0,0,0,0,0,0,0,0,0,fra
101320830,0,0,0,0,0,0,0,0,0,0,0,0,0,0,0,0,0,0,0,0,0,0,deu
101323662,0,0,0,0,0,0,0,0,0,0,0,0,0,0,0,0,0,0,0,0,0,0,deu
101332518,0,0,0,0,0,0,0,0,0,0,0,0,0,0,0,0,0,0,0,0,0,0,gbr
101347519,0,0,0,0,0,0,0,0,0,0,0,0,0,0,0,0,3,0,0,0,6,0,deu
101365462,0,0,0,0,0,0,0,0,0,0,0,0,1,2,1,0,0,0,0,0,0,0,gbr
101386718,0,0,0,0,0,0,0,0,0,0,0,0,0,0,0,0,0,0,0,0,0,0,deu
101444365,0,0,0,0,0,0,0,0,0,0,0,0,0,0,0,0,0,0,0,0,0,0,deu
101463321,0,0,0,0,0,0,0,0,0,0,0,0,0,0,0,0,0,0,0,0,0,0,deu
101477701,0,0,0,0,0,0,0,0,0,0,0,0,0,0,0,0,0,0,0,0,0,0,gbr
101503884,0,0,0,0,0,0,0,0,0,0,0,0,0,0,0,0,0,0,0,0,0,0,deu
101511974,0,0,0,0,0,0,0,0,0,0,0,0,0,0,0,0,0,0,0,0,0,0,deu
101514883,0,0,0,0,0,0,0,0,0,0,0,0,0,0,0,0,0,0,0,0,0,0,gbr
101521465,0,0,0,0,0,0,0,0,0,0,0,0,0,0,0,0,0,0,0,0,0,0,deu
101529166,0,0,0,0,0,0,0,0,0,0,0,0,0,0,0,0,0,0,0,0,0,0,fra
101572462,0,0,0,0,0,0,0,0,0,0,0,0,0,0,0,0,0,0,0,0,0,0,gbr
101582984,0,0,0,0,0,0,0,0,0,0,0,0,0,0,0,0,0,0,0,0,0,0,fra
101609394,0,0,0,0,0,0,0,0,0,0,0,0,0,0,0,0,0,0,0,0,0,0,gbr
101627865,0,0,0,0,0,0,0,0,0,0,0,0,0,0,0,0,0,0,0,0,0,0,deu
101631831,0,0,0,0,0,0,0,0,0,0,0,0,0,0,0,0,3,0,0,0,3,0,deu
101665545,0,0,0,0,0,0,0,0,0,0,0,0,0,0,0,0,0,0,0,0,0,0,deu
101674060,0,0,0,0,0,0,0,0,0,0,0,0,0,0,0,0,0,0,0,0,0,0,deu
101680471,0,0,0,0,0,0,0,0,0,0,0,0,0,0,0,0,0,0,0,0,0,0,deu
101717856,0,0,0,0,0,0,0,0,0,0,0,0,0,0,0,0,0,0,0,0,0,0,gbr
101730004,0,0,0,0,0,0,0,0,0,0,0,0,0,0,0,0,0,0,0,0,0,0,fra
101730224,0,0,0,0,0,0,0,0,0,0,0,0,0,0,0,0,0,0,0,0,0,0,deu
101732894,0,0,0,0,0,0,0,0,0,0,0,0,0,0,0,0,0,0,0,0,0,0,fra
101748283,0,0,0,0,0,0,0,0,0,0,0,0,0,0,0,0,0,0,0,0,0,0,fra
101749976,0,0,0,0,0,0,0,0,0,0,0,0,0,0,0,0,0,0,0,0,0,0,deu
101790342,0,0,0,0,0,0,0,0,0,0,0,0,0,0,0,0,0,0,0,0,0,0,deu
101791017,0,0,0,0,0,0,0,0,0,0,0,0,0,0,0,0,0,0,0,0,0,0,deu
101809646,0,0,0,0,0,0,0,0,0,0,0,0,0,0,0,0,0,0,0,0,0,0,fra
101811514,0,0,0,0,0,0,0,0,0,0,0,0,0,0,0,0,0,0,0,0,0,0,deu
101829306,0,0,0,0,0,0,0,0,0,0,0,0,0,0,0,0,0,0,0,0,0,0,deu
101843666,0,0,0,0,0,0,0,0,0,0,0,0,0,0,0,0,0,0,0,0,0,0,gbr
101845461,0,0,0,0,0,0,0,0,0,0,0,0,0,0,0,0,0,0,0,0,0,0,nld
101887418,0,0,0,0,0,0,0,0,0,0,0,0,0,0,0,0,0,0,0,0,0,0,deu
101893338,0,0,0,0,0,0,0,0,0,0,0,0,0,0,0,0,0,0,0,0,0,0,nld
101895688,0,0,0,0,0,0,0,0,0,0,0,0,0,0,0,0,0,0,0,0,0,0,fra
101919752,0,0,0,0,0,0,0,0,0,0,0,0,0,0,0,0,0,0,0,0,0,0,deu
101935225,0,0,0,0,0,0,0,0,0,0,0,0,0,0,0,1,0,12,0,0,0,0,deu
101958036,0,0,0,0,0,0,0,0,0,0,0,0,0,0,0,0,0,0,0,0,0,0,deu
101969891,0,0,0,0,0,0,0,0,0,0,0,0,0,0,0,0,0,0,0,0,0,0,deu
101986610,0,0,0,0,0,0,0,0,0,0,0,0,0,0,0,0,0,0,0,0,0,0,deu
101988763,0,0,0,0,0,0,0,0,0,0,0,0,0,0,0,0,0,0,0,0,0,0,deu
101993243,0,0,0,0,0,0,0,0,0,0,0,0,0,0,0,0,0,0,0,0,0,0,deu
101995947,0,0,0,0,0,0,0,0,0,0,0,0,0,0,0,0,0,0,0,0,0,0,gbr
101998691,0,0,0,0,0,0,0,0,3,0,0,0,3,0,0,0,0,0,0,0,0,0,deu
102002601,0,0,0,0,0,0,0,0,0,0,0,0,0,0,0,0,0,0,0,0,0,0,gbr
102026575,0,0,0,0,0,0,0,0,0,0,0,0,0,0,0,0,0,0,0,0,0,0,fra
102032040,0,0,0,0,0,0,0,0,0,0,0,0,0,0,0,0,0,0,0,0,0,0,deu
102051681,0,0,0,0,0,0,0,0,0,0,0,0,0,1,0,0,0,0,0,0,0,0,deu
102066431,0,0,0,0,0,0,0,0,0,0,0,0,0,0,1,0,0,0,8,0,0,0,deu
102076371,0,0,0,0,0,0,0,0,0,0,0,0,0,0,0,0,0,0,0,0,0,0,nld
104870158,0,0,0,0,0,0,0,0,0,0,0,0,0,0,0,0,0,0,0,0,0,0,fra
104871074,0,0,0,0,0,0,0,0,0,0,0,0,0,0,0,0,0,0,0,0,0,0,deu
104910313,0,0,0,0,0,0,0,0,0,0,0,0,0,0,0,0,0,0,0,0,0,0,gbr
104940444,0,0,0,0,0,0,0,0,0,0,0,0,0,0,0,0,0,0,0,0,0,0,fra
104941330,0,0,0,0,0,0,0,0,0,0,0,0,0,0,0,0,0,0,0,0,0,0,gbr
105131898,0,0,0,0,0,0,0,0,0,0,0,0,0,0,0,0,0,0,0,0,0,0,gbr
105152739,0,0,0,0,0,0,0,0,0,0,0,0,0,0,0,0,0,0,0,0,0,0,deu
105157744,0,0,0,0,0,0,0,0,0,0,0,0,0,0,0,0,0,0,0,0,0,0,nld
105162226,0,0,0,0,0,0,0,0,0,0,0,0,0,0,0,0,0,0,0,0,0,0,nld
105167071,0,0,0,0,0,0,0,0,0,0,0,0,0,0,0,0,0,0,0,0,0,0,gbr
105249334,0,0,0,0,0,0,1,0,0,0,0,0,3,0,0,0,0,0,0,0,0,0,deu
105265443,0,0,0,0,0,0,0,0,0,0,0,0,0,0,0,0,0,0,0,0,0,0,gbr
105310151,0,0,0,0,0,0,0,0,0,0,0,0,0,0,0,0,0,0,0,0,0,0,deu
105419958,0,0,0,0,0,0,0,0,0,0,0,0,0,0,0,0,0,0,0,0,0,0,fra
105429889,0,0,0,0,0,0,0,0,0,0,0,0,0,0,0,0,0,0,3,4,0,0,gbr
105582475,0,0,0,0,0,0,0,0,0,0,0,0,2,0,2,0,0,0,0,0,0,0,deu
105676784,0,0,0,0,0,0,0,0,0,0,0,0,0,0,0,0,0,0,0,0,0,0,deu
105852033,0,0,0,0,0,0,0,0,0,0,0,0,0,0,0,0,0,0,0,0,0,0,gbr
105858258,0,0,0,0,0,0,0,0,0,0,0,0,0,0,0,0,0,0,0,0,0,0,deu
105859215,0,0,0,0,0,0,0,0,0,0,0,0,0,0,0,0,0,0,0,0,0,0,gbr
105916987,0,0,0,0,0,0,0,0,0,0,0,0,0,0,0,0,0,0,0,0,0,0,deu
105921265,0,0,0,0,0,0,0,0,0,0,0,0,0,0,0,0,0,0,0,0,0,0,fra
105995139,0,0,0,0,0,0,0,0,0,0,0,0,0,0,0,0,0,0,0,0,0,0,deu
106002738,0,0,0,0,0,0,0,0,0,0,0,0,0,0,0,0,0,0,0,0,0,0,deu
106031272,0,0,0,0,0,0,0,0,0,0,0,0,0,0,0,0,0,0,0,0,0,0,gbr
106082127,0,0,0,0,0,0,0,0,0,0,0,0,0,0,0,0,0,0,0,0,0,0,deu
106113858,0,0,0,0,0,0,0,0,0,0,0,0,0,0,0,0,0,0,0,0,0,0,deu
106199443,0,0,0,0,0,0,0,0,0,0,0,0,0,4,2,3,0,0,2,1,1,3,deu
106212463,0,0,0,0,0,0,0,0,0,0,0,0,0,0,0,0,0,0,0,0,0,0,deu
106249733,0,0,0,0,0,0,0,0,0,0,0,0,0,0,0,0,0,0,0,0,0,0,nld
106273078,0,0,0,0,0,0,0,0,0,0,0,0,0,0,0,0,0,0,0,0,0,0,nld
106291290,0,0,0,0,0,0,0,0,0,0,0,0,0,0,0,0,0,0,0,0,0,0,nld
106349648,0,0,0,0,0,0,0,0,0,0,0,0,0,0,0,0,0,0,0,0,0,0,fra
106403380,0,0,0,0,0,0,0,0,0,0,0,0,0,0,0,0,0,0,0,0,0,0,deu
106428157,0,0,0,0,0,0,0,0,0,0,0,0,0,0,0,0,0,0,0,0,0,0,gbr
106454174,0,0,0,0,0,0,0,0,0,0,0,0,0,0,0,0,0,0,0,0,0,0,deu
106560772,0,0,0,0,0,0,0,0,0,0,0,0,0,4,0,0,0,0,0,0,2,0,fra
106561738,0,0,0,0,0,0,0,0,0,0,0,0,0,0,0,0,0,0,0,0,0,0,deu
106562375,0,0,0,0,0,0,0,0,0,0,0,0,0,0,0,0,0,0,0,0,0,0,fra
106580600,0,0,0,0,0,0,0,0,0,0,0,0,0,0,0,0,0,0,0,0,0,0,deu
106581837,0,0,0,0,0,0,0,0,0,0,0,0,0,0,0,0,0,0,0,0,0,0,deu
106613956,0,0,0,0,0,0,0,0,0,0,0,0,0,0,0,0,0,0,0,0,0,0,deu
106637567,0,0,0,0,0,0,0,0,0,0,0,0,0,0,0,0,0,0,0,0,0,0,deu
106660966,0,0,0,0,0,0,0,0,0,0,0,0,0,0,0,0,0,0,0,0,0,0,fra
106675416,0,0,0,0,0,0,0,0,0,0,0,0,0,0,0,0,0,0,0,0,0,0,deu
106715604,0,0,0,0,0,0,0,0,0,0,0,0,0,0,0,0,0,0,0,0,0,0,gbr
106715856,0,0,0,0,0,0,0,0,0,0,0,0,0,0,0,0,0,0,0,0,0,0,gbr
106722451,0,0,0,0,0,0,0,0,0,0,0,0,0,0,0,0,0,0,0,0,0,0,fra
106725003,0,0,0,0,0,0,0,0,0,0,0,0,0,0,0,0,0,0,0,0,0,0,gbr
106738008,0,0,0,0,0,0,0,0,0,0,0,0,0,3,0,0,0,0,0,0,1,5,deu
106748358,0,0,0,0,0,0,0,0,0,0,0,0,0,0,0,0,0,0,0,0,0,0,fra
106925092,0,0,0,0,0,0,0,0,0,0,0,0,0,0,0,0,0,0,0,0,0,0,nld
106937283,0,0,0,0,0,0,0,0,0,0,0,0,0,0,0,0,0,0,0,0,0,0,deu
106995630,0,0,0,0,0,0,0,0,0,0,0,0,0,0,0,0,0,0,0,0,0,0,deu
106998696,0,0,0,0,0,0,0,0,0,0,0,0,0,0,0,0,0,0,0,0,0,0,gbr
107003412,0,0,0,0,0,0,0,0,0,0,0,0,0,0,0,0,0,0,0,0,0,0,fra
107003873,0,0,0,0,0,0,0,0,0,0,0,0,0,0,0,0,0,0,0,0,0,0,nld
107029671,0,0,0,0,0,0,0,0,0,0,0,0,0,0,2,0,0,5,0,0,0,0,nld
107029784,0,0,0,0,0,0,0,0,0,0,0,0,0,0,0,0,0,0,0,0,0,0,gbr
107030052,0,0,0,0,0,0,0,0,0,0,0,0,0,0,0,0,0,0,0,0,0,0,gbr
107034693,0,0,0,0,0,0,0,0,0,0,0,0,0,0,3,6,5,0,0,0,0,0,deu
107091228,0,0,0,0,0,0,0,0,0,0,0,0,0,0,0,0,0,0,0,0,0,0,deu
107098467,0,0,0,0,0,0,0,0,0,0,0,0,0,0,0,0,0,0,0,0,0,0,fra
107101425,0,0,0,0,0,0,0,0,0,0,0,0,0,0,0,0,0,0,0,0,0,0,deu
107114470,0,0,0,0,0,0,0,0,0,0,0,0,0,0,0,0,0,0,0,0,0,0,gbr
107121741,0,0,0,0,0,0,0,0,0,0,0,0,0,0,0,0,0,0,0,0,0,0,deu
107138848,0,0,0,0,0,0,0,0,0,0,0,0,0,0,0,0,0,0,0,0,0,0,nld
107151125,0,0,0,0,0,0,0,0,0,0,0,0,0,1,0,0,0,0,0,0,0,0,gbr
107172639,0,0,0,0,0,0,0,0,0,0,0,0,0,0,0,0,0,0,0,0,0,0,deu
107262978,0,0,0,0,0,0,0,0,0,0,0,0,0,0,0,0,0,0,0,0,0,0,gbr
107313522,0,0,0,0,0,0,0,0,0,0,0,0,0,0,0,0,0,0,0,0,0,0,nld
107392647,0,0,0,0,0,0,0,0,0,0,0,0,0,0,0,0,0,0,0,0,0,0,deu
107702685,0,0,0,0,0,0,0,0,0,0,0,0,0,0,0,0,0,0,0,0,0,0,gbr
107916387,0,0,0,0,0,0,0,0,0,0,0,0,0,0,0,0,0,0,0,0,0,0,fra
107923658,0,0,0,0,0,0,0,0,0,0,0,0,0,0,0,0,0,0,0,0,0,0,deu
107958469,0,0,0,0,0,0,0,0,0,0,0,0,0,0,0,0,0,0,0,0,0,0,gbr
108073885,0,0,0,0,0,0,0,0,0,0,0,0,0,3,2,0,0,0,0,0,0,0,nld
108079060,0,0,0,0,0,0,0,0,0,0,0,0,0,0,0,0,0,0,0,0,0,0,nld
108166907,0,0,0,0,0,0,0,0,0,0,0,0,0,8,0,0,0,10,7,0,3,2,nld
108174998,0,0,0,0,0,0,0,0,0,0,0,0,0,0,0,0,0,0,0,0,0,0,deu
108186131,0,0,0,0,0,0,0,0,0,0,0,0,0,0,0,0,5,0,4,0,0,0,nld
108214698,0,0,0,0,0,0,0,0,0,0,0,0,0,0,0,0,0,0,0,0,0,0,fra
108232688,0,0,0,0,0,0,0,0,0,0,0,0,0,0,0,0,0,0,0,0,0,0,fra
108256245,0,0,0,0,0,0,0,0,0,0,0,0,0,0,0,0,0,0,0,0,0,0,fra
108326485,0,0,0,0,0,0,0,0,0,0,0,0,0,0,0,0,0,0,0,0,0,0,deu
108332227,0,0,0,0,0,0,0,0,0,0,0,0,0,0,0,0,0,2,0,2,0,0,deu
108341871,0,0,0,0,0,0,0,0,0,0,0,0,0,0,0,0,0,0,0,0,0,0,deu
108358974,0,0,0,0,0,0,0,0,0,0,0,0,0,0,0,0,0,0,0,0,0,0,deu
108364295,0,0,0,0,0,0,0,0,0,0,0,0,0,0,0,0,0,0,0,0,0,0,fra
108401453,0,0,0,0,0,0,0,0,0,0,0,0,0,0,0,0,0,0,0,0,0,0,deu
108422289,0,0,0,0,0,0,0,0,0,0,0,0,0,0,0,0,0,0,0,0,0,0,deu
108441640,0,0,0,0,0,0,0,0,0,0,0,0,0,0,0,0,0,0,0,0,0,0,fra
108519434,0,0,0,0,0,0,0,0,0,0,0,0,0,0,0,0,0,0,0,0,0,0,deu
108608017,0,0,0,0,0,0,0,0,0,0,0,0,0,0,0,0,0,0,0,0,0,0,nld
108614608,0,0,0,0,0,0,0,0,0,0,0,0,0,0,0,0,0,0,0,0,0,0,gbr
108677940,0,0,0,0,0,0,0,0,0,0,0,0,0,0,0,0,0,0,0,0,0,0,deu
108788316,0,0,0,0,0,0,0,0,0,0,0,0,0,0,0,0,0,0,0,0,0,0,fra
109028657,0,0,0,0,0,0,0,0,0,0,0,0,0,0,0,0,0,0,0,0,0,0,gbr
109058335,0,0,0,0,0,0,0,0,0,0,0,0,0,0,0,0,0,0,0,0,0,0,deu
109058385,0,0,0,0,0,0,0,0,0,0,0,0,0,0,0,0,0,0,0,0,0,0,deu
109107910,0,0,0,0,0,0,0,0,0,0,0,0,0,0,0,0,0,0,0,0,0,0,gbr
109107935,0,0,0,0,0,0,0,0,0,0,0,0,0,0,0,0,0,0,0,0,0,0,gbr
109159203,0,0,0,0,0,0,0,0,0,0,0,0,0,0,0,0,0,0,0,0,0,0,fra
109168790,0,0,0,0,0,0,0,0,0,0,0,0,0,0,0,6,0,11,6,0,0,0,gbr
109329113,0,0,0,0,0,0,0,0,0,0,0,0,0,0,0,0,0,0,0,0,0,0,nld
109402035,0,0,0,0,0,0,0,0,0,0,0,0,0,0,0,0,0,0,0,0,0,0,nld
109448648,0,0,0,0,0,0,0,0,0,0,0,0,0,0,0,0,0,0,0,0,0,0,fra
109460996,0,0,0,0,0,0,0,0,0,0,0,0,0,0,0,0,0,0,0,0,0,0,deu
109466101,0,0,0,0,0,0,0,0,0,0,0,0,0,0,0,0,0,0,0,0,0,0,fra
109482373,0,0,0,0,0,0,0,0,0,0,0,0,0,0,0,0,0,0,0,0,3,9,fra
109483484,0,0,0,0,0,0,0,0,0,0,0,0,0,0,0,0,0,0,0,0,0,0,nld
109508205,0,0,0,0,0,0,0,0,0,0,0,0,0,0,0,0,0,0,11,7,0,0,deu
109512276,0,0,0,0,0,0,0,0,0,0,0,0,0,0,0,0,0,0,0,0,0,0,nld
109578819,0,0,0,0,0,0,0,0,0,0,0,0,0,0,0,0,0,0,0,0,0,0,nld
109614452,0,0,0,0,0,0,0,0,0,0,0,0,0,0,0,0,0,0,0,0,0,0,deu
109662503,0,0,0,0,0,0,0,0,0,0,0,0,0,0,0,0,0,0,0,0,0,0,deu
109668501,0,0,0,0,0,0,0,0,0,0,0,0,0,0,0,0,0,0,0,0,0,0,fra
109687440,0,0,0,0,0,0,0,0,0,0,0,0,0,0,0,0,0,0,0,0,0,0,deu
109854866,0,0,0,0,0,0,0,0,0,0,0,0,0,0,0,0,1,1,0,0,0,0,deu
109863021,0,0,0,0,0,0,0,0,0,0,0,0,0,0,0,0,0,0,0,0,0,0,gbr
109901083,0,0,0,0,0,0,0,0,0,0,0,0,0,0,0,0,0,0,2,0,2,0,fra
109918538,0,0,0,0,0,0,0,0,0,0,0,0,0,0,0,0,0,0,0,0,0,0,deu
109996207,0,0,0,0,0,0,0,0,0,0,0,0,0,0,0,0,0,0,0,0,0,0,deu
110040744,0,0,0,0,0,0,0,0,0,0,0,0,0,0,0,0,0,0,0,0,0,0,fra
110065061,0,0,0,0,0,0,0,0,0,0,0,0,0,0,0,0,0,0,0,0,0,0,deu
110099671,0,0,0,0,0,0,0,0,0,0,0,0,0,0,0,0,0,0,0,0,0,0,deu
110135860,0,0,0,0,0,0,0,0,0,0,0,0,0,0,0,0,0,0,0,0,0,0,deu
110138865,0,0,0,0,0,0,0,0,0,0,0,0,0,0,0,0,0,0,0,0,0,0,nld
110150126,0,0,0,0,0,0,0,0,0,0,0,0,0,0,0,0,0,0,0,0,0,0,gbr
110210934,0,0,0,0,0,0,0,0,0,0,0,0,0,0,0,0,0,0,0,0,0,0,deu
110240602,0,0,0,0,0,0,0,0,0,0,0,0,0,0,0,0,0,0,0,0,0,0,fra
110261138,0,0,0,0,0,0,0,0,0,0,0,0,0,0,0,0,0,0,0,0,0,0,deu
110315676,0,0,0,0,0,0,0,0,0,0,0,0,0,0,0,0,0,0,0,0,0,0,gbr
110345031,0,0,0,0,0,0,0,0,0,0,0,0,0,0,0,0,0,0,0,0,0,0,fra
110676567,0,0,0,0,0,0,0,0,0,0,0,0,0,0,0,0,0,0,0,0,0,0,deu
110855290,0,0,0,0,0,0,0,0,0,0,0,0,0,0,0,0,0,0,0,0,0,0,deu
110885581,0,0,0,0,0,0,0,0,0,0,0,0,0,0,0,0,0,0,0,0,0,0,gbr
111095399,0,0,0,0,0,0,0,0,0,0,0,0,0,0,0,0,0,0,0,0,0,0,fra
111145490,0,0,0,0,0,0,0,0,0,0,0,0,0,0,0,0,0,0,0,0,0,0,nld
111185263,0,0,0,0,0,0,0,0,0,0,0,0,0,0,0,0,0,0,0,0,0,0,gbr
111246504,0,0,0,0,0,0,0,0,0,0,0,0,0,0,0,0,0,0,0,0,0,0,fra
111695237,0,0,0,0,0,0,0,0,0,0,0,0,0,0,0,0,0,0,0,13,1,0,deu
112055362,0,0,0,0,0,0,0,0,0,0,0,0,0,0,0,0,0,0,0,0,0,0,fra
112118616,0,0,0,0,0,0,0,0,0,0,0,0,0,0,0,0,0,0,0,0,0,0,deu
112123558,0,0,0,0,0,0,0,0,0,0,0,0,0,0,0,0,0,0,0,0,0,0,fra
112126659,0,0,0,0,0,0,0,0,0,0,0,0,0,0,0,0,0,0,0,0,0,0,nld
112135053,0,0,0,0,0,0,0,0,0,0,0,0,0,0,0,0,0,0,0,0,0,0,deu
112224006,0,0,0,0,0,0,0,0,0,0,0,0,0,0,0,0,0,0,0,0,0,0,fra
112343909,0,0,0,0,0,0,0,0,0,0,0,0,0,0,0,0,0,0,0,0,0,0,deu
112372949,0,0,0,0,0,0,0,0,0,0,0,0,0,0,0,0,0,0,0,0,0,0,deu
112442062,0,0,0,0,0,0,0,0,0,0,0,0,0,0,0,0,0,0,0,0,0,0,deu
112455825,0,0,0,0,0,0,0,0,0,0,0,0,0,0,0,0,0,0,0,0,0,0,nld
112460448,0,0,0,0,0,0,0,0,0,0,0,0,0,0,0,0,0,0,0,0,0,0,gbr
112510732,0,0,0,0,0,0,0,0,0,0,0,0,0,0,0,0,0,0,0,0,0,0,fra
112541155,0,0,0,0,0,0,0,0,0,0,0,0,0,0,0,0,0,0,0,0,0,0,fra
112567301,0,0,0,0,0,0,0,0,0,0,0,0,0,0,0,0,0,0,0,0,0,0,deu
112567323,0,0,0,0,0,0,0,0,0,0,0,0,0,0,0,0,0,0,0,0,0,0,deu
112571881,0,0,0,0,0,0,0,0,0,0,0,0,0,0,0,0,0,0,0,0,0,0,deu
112580500,0,0,0,0,0,0,0,0,0,0,0,0,0,0,0,0,0,0,0,0,0,0,nld
112589642,0,0,0,0,0,0,0,0,0,0,0,0,0,0,0,0,0,0,0,0,0,0,gbr
112590414,0,0,0,0,0,0,0,0,0,0,0,0,0,0,0,0,0,0,0,0,4,0,deu
112590429,0,0,0,0,0,0,0,0,0,0,0,0,0,0,0,0,0,0,2,4,0,0,fra
112598840,0,0,0,0,0,0,0,0,0,0,0,0,0,0,0,0,0,0,0,0,0,0,deu
112599651,0,0,0,0,0,0,0,0,0,0,0,0,0,0,0,0,0,0,0,0,0,0,deu
112602060,0,0,0,0,0,0,0,0,0,0,0,0,0,0,0,0,0,0,0,0,0,0,deu
112606059,0,0,0,0,0,0,0,0,0,0,0,0,0,0,0,0,12,0,0,0,10,0,nld
112615779,0,0,0,0,0,0,0,0,0,0,0,0,0,0,0,0,4,0,0,0,0,0,fra
112620603,0,0,0,0,0,0,0,0,0,0,0,0,0,0,0,0,0,0,0,0,0,0,deu
112625767,0,0,0,0,0,0,0,0,0,0,0,0,0,0,0,0,0,0,2,0,0,0,deu
112627588,0,0,0,0,0,0,0,0,0,0,0,0,0,0,0,0,0,0,0,0,0,0,deu
112629257,0,0,0,0,0,0,0,0,0,0,0,0,0,0,0,0,0,0,0,5,8,1,nld
112632329,0,0,0,0,0,0,0,0,0,0,0,0,0,0,0,0,0,0,0,0,0,0,deu
112639996,0,0,0,0,0,0,0,0,0,0,0,0,0,0,0,4,5,0,0,0,0,0,deu
112642117,0,0,0,0,0,0,0,0,0,0,0,0,0,0,0,0,0,0,0,0,0,0,deu
112648326,0,0,0,0,0,0,0,0,0,0,0,0,0,0,0,0,0,0,0,0,0,0,deu
112648446,0,0,0,0,0,0,0,0,0,0,0,0,0,0,0,0,0,0,0,0,0,0,nld
112652824,0,0,0,0,0,0,0,0,0,0,0,0,0,0,0,0,0,0,0,0,0,0,deu
112653414,0,0,0,0,0,0,0,0,0,0,0,0,0,0,0,0,0,0,0,0,0,0,nld
112662388,0,0,0,0,0,0,0,0,0,0,0,0,0,0,0,0,0,0,0,0,0,0,fra
112689582,0,0,0,0,0,0,0,0,0,0,0,0,0,0,0,0,0,0,0,0,0,0,gbr
112698123,0,0,0,0,0,0,0,0,0,0,0,0,0,0,0,0,0,0,0,0,0,0,deu
112698726,0,0,0,0,0,0,0,0,0,0,0,0,0,0,0,0,0,0,0,0,0,0,fra
112700413,0,0,0,0,0,0,0,0,0,0,0,0,0,0,0,0,0,0,0,0,0,0,gbr
112712693,0,0,0,0,0,0,0,0,0,0,0,0,0,0,0,0,0,0,0,0,0,0,gbr
112733055,0,0,0,0,0,0,0,0,0,0,0,0,0,0,0,0,0,0,0,0,0,0,fra
112733148,0,0,0,0,0,0,0,0,0,0,0,0,0,0,0,0,0,0,0,0,0,0,deu
112755139,0,0,0,0,0,0,0,0,0,0,0,0,0,0,0,0,0,0,0,0,0,0,fra
112766749,0,0,0,0,0,0,0,0,0,0,0,0,0,0,0,0,0,0,0,0,0,0,gbr
112771286,0,0,0,0,0,0,0,0,0,0,0,0,0,0,0,0,3,7,0,0,0,0,fra
112799787,0,0,0,0,0,0,0,0,0,0,0,0,0,0,0,0,0,0,0,0,0,0,deu
112833516,0,0,0,0,0,0,0,0,0,0,0,0,0,0,0,0,0,0,0,0,0,0,fra
112852512,0,0,0,0,0,0,0,0,0,0,0,0,0,0,0,0,0,0,0,0,0,0,deu
112854360,0,0,0,0,0,0,0,0,0,0,0,0,0,0,0,0,0,0,0,0,0,0,fra
112860075,0,0,0,0,0,0,0,0,0,0,0,0,0,0,0,0,0,0,0,0,0,0,deu
112868817,0,0,0,0,0,0,0,0,0,0,0,0,0,0,0,0,0,0,0,0,0,0,nld
112876520,0,0,0,0,0,0,0,0,0,0,0,0,0,0,0,0,0,0,0,0,0,0,deu
112879453,0,0,0,0,0,0,0,0,0,0,0,0,0,0,0,0,0,0,0,0,0,0,deu
112895359,0,0,0,0,0,0,0,0,0,0,0,0,0,0,0,0,0,0,0,0,0,0,deu
112904420,0,0,0,0,0,0,0,0,0,0,0,0,0,0,0,0,0,0,0,0,0,0,fra
112916322,0,0,0,0,0,0,0,0,0,0,0,0,0,0,0,0,12,0,0,8,0,0,nld
112936251,0,0,0,0,0,0,0,0,0,0,0,0,0,0,0,0,0,0,0,0,0,0,gbr
112938729,0,0,0,0,0,0,0,0,0,0,0,0,0,0,0,0,0,0,0,0,0,0,gbr
112960970,0,0,0,0,0,0,0,0,0,0,0,0,0,0,0,0,0,0,0,0,0,0,deu
112964326,0,0,0,0,0,0,0,0,0,0,0,0,0,0,0,0,0,0,0,0,0,0,gbr
112974210,0,0,0,0,0,0,0,0,0,0,0,0,0,0,0,0,0,0,4,0,0,0,deu
112994768,0,0,0,0,0,0,0,0,0,0,0,0,0,0,0,0,0,0,0,0,0,0,deu
113001412,0,0,0,0,0,0,0,0,0,0,0,0,0,0,0,0,0,0,0,0,0,0,fra
113020725,0,0,0,0,0,0,0,0,0,0,0,0,0,0,0,0,0,0,0,0,0,0,nld
113024189,0,0,0,0,0,0,0,0,0,0,0,0,0,0,0,0,0,0,7,5,5,2,fra
113041102,0,0,0,0,0,0,0,0,0,0,0,0,0,0,0,0,0,0,0,0,0,0,deu
113044668,0,0,0,0,0,0,0,0,0,0,0,0,0,0,0,0,0,0,0,0,0,0,deu
113046488,0,0,0,0,0,0,0,0,0,0,0,0,0,0,0,0,2,3,3,4,0,0,deu
113075047,0,0,0,0,0,0,0,0,0,0,0,0,0,0,0,0,0,0,0,0,0,0,nld
113081383,0,0,0,0,0,0,0,0,0,0,0,0,0,0,0,0,0,0,0,0,0,0,fra
113085760,0,0,0,0,0,0,0,0,0,0,0,0,0,0,0,0,0,0,0,0,0,0,fra
113130328,0,0,0,0,0,0,0,0,0,0,0,0,0,0,0,0,0,2,0,0,0,4,deu
113130739,0,0,0,0,0,0,0,0,0,0,0,0,0,0,0,0,0,0,0,0,0,0,fra
113141782,0,0,0,0,0,0,0,0,0,0,0,0,0,0,0,0,0,0,0,0,0,0,fra
113163345,0,0,0,0,0,0,0,0,0,0,0,0,0,0,0,0,0,0,0,0,0,0,deu
113167224,0,0,0,0,0,0,0,0,0,0,0,0,0,0,0,0,0,0,0,5,6,3,deu
113190989,0,0,0,0,0,0,0,0,0,0,0,0,0,0,0,0,0,0,0,0,0,0,fra
113216301,0,0,0,0,0,0,0,0,0,0,0,0,0,0,0,0,0,0,0,0,0,0,deu
113217099,0,0,0,0,0,0,0,0,0,0,0,0,0,0,0,0,0,0,0,0,0,0,fra
113217847,0,0,0,0,0,0,0,0,0,0,0,0,0,0,4,0,0,0,0,0,0,0,deu
113228290,0,0,0,0,0,0,0,0,0,0,0,0,0,0,0,0,0,0,0,0,0,0,deu
113259497,0,0,0,0,0,0,0,0,0,0,0,0,0,0,0,0,0,7,0,0,10,0,deu
113306600,0,0,0,0,0,0,0,0,0,0,0,0,0,0,0,0,0,0,0,0,0,0,nld
113306675,0,0,0,0,0,0,0,0,0,0,0,0,0,0,0,0,0,0,0,0,0,0,gbr
113314970,0,0,0,0,0,0,0,0,0,0,0,0,0,0,0,0,0,0,0,0,0,0,nld
113353027,0,0,0,0,0,0,0,0,0,0,0,0,0,0,0,0,0,0,0,0,0,0,deu
113369611,0,0,0,0,0,0,0,0,0,0,0,0,0,0,0,0,0,0,0,0,0,0,deu
113394126,0,0,0,0,0,0,0,0,0,0,0,0,0,0,0,0,0,0,0,0,0,0,deu
113518319,0,0,0,0,0,0,0,0,0,0,0,0,0,0,0,0,0,1,1,0,0,0,deu
113518570,0,0,0,0,0,0,0,0,0,0,0,0,0,0,0,0,0,0,0,0,0,0,nld
113547457,0,0,0,0,0,0,0,0,0,0,0,0,0,0,0,0,0,0,0,0,0,0,nld
113556613,0,0,0,0,0,0,0,0,0,0,0,0,0,0,0,0,0,0,0,0,0,0,deu
113619540,0,0,0,0,0,0,0,0,0,0,0,0,0,0,0,0,0,0,0,0,0,0,fra
113647475,0,0,0,0,0,0,0,0,0,0,0,0,0,0,0,0,0,0,0,0,0,0,deu
113652680,0,0,0,0,0,0,0,0,0,0,0,0,0,0,0,0,0,0,0,0,0,0,fra
113667290,0,0,0,0,0,0,0,0,0,0,0,0,0,0,0,0,0,0,0,0,0,0,fra
113682245,0,0,0,0,0,0,0,0,0,0,0,0,0,0,0,0,0,0,0,0,0,0,deu
113682265,0,0,0,0,0,0,0,0,0,0,0,0,0,0,0,0,0,0,0,0,0,0,fra
113700619,0,0,0,0,0,0,0,0,0,0,0,0,0,0,0,0,0,3,2,0,0,0,nld
113744057,0,0,0,0,0,0,0,0,0,0,0,0,0,0,0,0,0,0,0,0,0,0,gbr
113757283,0,0,0,0,0,0,0,0,0,0,0,0,0,0,0,0,0,0,0,0,0,0,deu
113763448,0,0,0,0,0,0,0,0,0,0,0,0,0,0,0,0,0,0,0,0,0,0,nld
113763948,0,0,0,0,0,0,0,0,0,0,0,0,0,0,0,0,0,0,0,0,0,0,nld
113849458,0,0,0,0,0,0,0,0,0,0,0,0,0,0,0,0,0,0,0,0,0,0,fra
113865122,0,0,0,0,0,0,0,0,0,0,0,0,0,0,0,0,0,0,0,0,0,0,fra
113889299,0,0,0,0,0,0,0,0,0,0,0,0,0,0,0,0,0,0,0,0,0,0,gbr
113894311,0,0,0,0,0,0,0,0,0,0,0,0,0,0,0,0,0,0,0,0,0,0,fra
113894584,0,0,0,0,0,0,0,0,0,0,0,0,0,0,0,0,0,0,0,0,0,0,fra
113905969,0,0,0,0,0,0,0,0,0,0,0,0,0,0,0,0,0,0,0,0,0,0,deu
113955530,0,0,0,0,0,0,0,0,0,0,0,0,0,0,0,0,0,0,0,0,0,0,nld
114105336,0,0,0,0,0,0,0,0,0,0,0,0,0,0,0,0,0,0,0,0,0,0,fra
114150781,0,0,0,0,0,0,0,0,0,0,0,0,0,0,0,0,0,0,0,0,0,0,gbr
114162837,0,0,0,0,0,0,0,0,0,0,0,0,0,0,0,0,0,0,0,0,0,0,fra
114163546,0,0,0,0,0,0,0,0,0,0,0,0,0,0,0,0,0,0,0,0,0,0,gbr
114176383,0,0,0,0,0,0,0,0,0,0,0,0,0,0,0,0,0,0,0,0,0,0,fra
114194106,0,0,0,0,0,0,0,0,0,0,0,0,0,0,0,0,0,0,10,0,5,0,deu
114249716,0,0,0,0,0,0,0,0,0,0,0,0,0,0,0,0,0,0,0,0,0,0,deu
114256104,0,0,0,0,0,0,0,0,0,0,0,0,0,0,0,0,0,0,0,0,0,0,fra
114265911,0,0,0,0,0,0,0,0,0,0,0,0,0,0,0,0,0,0,0,0,0,0,fra
114283926,0,0,0,0,0,0,0,0,0,0,0,0,0,0,0,0,0,0,0,1,3,0,deu
114301948,0,0,0,0,0,0,0,0,0,0,0,0,0,0,0,0,0,0,0,0,0,0,deu
114311238,0,0,0,0,0,0,0,0,0,0,0,0,0,0,0,0,0,0,0,0,0,0,gbr
114327657,0,0,0,0,0,0,0,0,0,0,0,0,0,0,0,0,0,0,0,0,0,0,deu
114345389,0,0,0,0,0,0,0,0,0,0,0,0,0,0,0,0,0,0,4,4,0,0,fra
114405488,0,0,0,0,0,0,0,0,0,0,0,0,0,0,0,0,0,0,0,0,0,0,gbr
114439723,0,0,0,0,0,0,0,0,0,0,0,0,0,0,0,0,0,0,6,6,0,0,deu
114508310,0,0,0,0,0,0,0,0,0,0,0,0,0,0,0,0,0,0,0,0,0,0,gbr
114508370,0,0,0,0,0,0,0,0,0,0,0,0,0,0,0,0,0,0,0,0,0,0,gbr
114518185,0,0,0,0,0,0,0,0,0,0,0,0,0,0,0,0,0,0,0,0,0,0,nld
114551954,0,0,0,0,0,0,0,0,0,0,0,0,0,0,0,0,0,0,1,4,0,0,gbr
114552309,0,0,0,0,0,0,0,0,0,0,0,0,0,0,0,0,0,0,0,0,0,0,gbr
114559763,0,0,0,0,0,0,0,0,0,0,0,0,0,0,0,0,0,0,1,1,0,0,gbr
114559877,0,0,0,0,0,0,0,0,0,0,0,0,0,0,0,0,0,0,0,0,0,0,deu
114567010,0,0,0,0,0,0,0,0,0,0,0,0,0,0,0,0,0,0,0,0,0,0,fra
114567190,0,0,0,0,0,0,0,0,0,0,0,0,0,0,0,0,0,0,0,0,0,0,deu
114571648,0,0,0,0,0,0,0,0,0,0,0,0,0,0,0,0,0,0,0,0,0,0,fra
114573323,0,0,0,0,0,0,0,0,0,0,0,0,0,0,0,0,0,0,0,0,0,0,gbr
114577038,0,0,0,0,0,0,0,0,0,0,0,0,0,0,0,0,0,0,0,0,0,0,gbr
114587195,0,0,0,0,0,0,0,0,0,0,0,0,0,0,0,0,0,0,0,0,0,0,deu
114589563,0,0,0,0,0,0,0,0,0,0,0,0,0,0,0,0,0,0,0,0,0,0,deu
114673969,0,0,0,0,0,0,0,0,0,0,0,0,0,0,0,0,0,0,0,0,0,0,fra
114749005,0,0,0,0,0,0,0,0,0,0,0,0,0,0,0,0,0,0,0,0,0,0,deu
114763234,0,0,0,0,0,0,0,0,0,0,0,0,0,0,0,0,0,0,0,0,0,0,fra
114764745,0,0,0,0,0,0,0,0,0,0,0,0,0,0,0,0,0,0,0,0,0,0,fra
114794744,0,0,0,0,0,0,0,0,0,0,0,0,0,0,0,0,0,0,0,0,0,0,nld
114817187,0,0,0,0,0,0,0,0,0,0,0,0,0,0,0,0,0,0,0,0,0,0,nld
114913221,0,0,0,0,0,0,0,0,0,0,0,0,0,0,0,0,0,0,0,0,0,0,deu
114942371,0,0,0,0,0,0,0,0,0,0,0,0,0,0,0,0,0,0,0,0,0,0,nld
114968184,0,0,0,0,0,0,0,0,0,0,0,0,0,0,0,0,0,0,0,0,0,0,fra
114968496,0,0,0,0,0,0,0,0,0,0,0,0,0,0,0,0,0,0,0,0,0,0,fra
115007518,0,0,0,0,0,0,0,0,0,0,0,0,0,0,0,0,0,0,0,0,0,0,deu
115015599,0,0,0,0,0,0,0,0,0,0,0,0,0,0,0,0,0,0,0,0,0,0,fra
115027999,0,0,0,0,0,0,0,0,0,0,0,0,0,0,0,0,0,0,0,0,0,0,nld
115115028,0,0,0,0,0,0,0,0,0,0,0,0,0,0,0,0,0,0,0,0,0,0,deu
115172784,0,0,0,0,0,0,0,0,0,0,0,0,0,0,0,0,0,0,0,0,0,0,fra
115200192,0,0,0,0,0,0,0,0,0,0,0,0,0,0,0,0,0,0,0,0,0,0,deu
115234643,0,0,0,0,0,0,0,0,0,0,0,0,0,0,0,0,0,0,0,0,0,0,fra
115419133,0,0,0,0,0,0,0,0,0,0,0,0,0,0,0,0,0,0,0,0,0,0,deu
115539046,0,0,0,0,0,0,0,0,0,0,0,0,0,0,0,0,0,0,0,0,0,0,gbr
115542028,0,0,0,0,0,0,0,0,0,0,0,0,0,0,0,0,0,0,0,0,0,0,nld
115614560,0,0,0,0,0,0,0,0,0,0,0,0,0,0,0,0,0,0,0,0,0,0,fra
115614564,0,0,0,0,0,0,0,0,0,0,0,0,0,0,0,0,0,0,0,0,0,0,nld
115614604,0,0,0,0,0,0,0,0,0,0,0,0,0,0,0,0,0,0,0,0,0,0,fra
115614891,0,0,0,0,0,0,0,0,0,0,0,0,0,0,0,0,0,0,0,0,0,0,nld
115723813,0,0,0,0,0,0,0,0,0,0,0,0,0,0,0,0,0,0,0,0,0,0,deu
115749113,0,0,0,0,0,0,0,0,0,0,0,0,0,0,0,0,0,0,0,0,0,0,deu
115811201,0,0,0,0,0,0,0,0,0,0,0,0,0,0,0,0,0,0,0,0,0,0,fra
115847076,0,0,0,0,0,0,0,0,0,0,0,0,0,0,0,0,0,0,0,0,0,0,gbr
115878967,0,0,0,0,0,0,0,0,0,0,0,0,0,0,0,0,0,0,0,0,0,0,gbr
115897151,0,0,0,0,0,0,0,0,0,0,0,0,0,0,0,0,0,0,0,0,0,0,fra
115902551,0,0,0,0,0,0,0,0,0,0,0,0,0,0,0,0,0,0,0,0,0,0,deu
115902646,0,0,0,0,0,0,0,0,0,0,0,0,0,0,0,0,0,0,0,0,0,0,fra
116056223,0,0,0,0,0,0,0,0,0,0,0,0,0,0,0,0,0,0,0,0,0,0,deu
116240729,0,0,0,0,0,0,0,0,0,0,0,0,0,0,0,0,0,0,0,0,0,0,deu
116271680,0,0,0,0,0,0,0,0,0,0,0,0,0,0,0,0,0,0,0,0,0,0,deu
116271870,0,0,0,0,0,0,0,0,0,0,0,0,0,0,0,0,0,0,0,0,0,0,deu
116280556,0,0,0,0,0,0,0,0,0,0,0,0,0,0,0,0,0,0,0,0,0,0,deu
116308252,0,0,0,0,0,0,0,0,0,0,0,0,0,0,0,0,0,0,0,0,0,0,fra
116311982,0,0,0,0,0,0,0,0,0,0,0,0,0,0,0,0,0,0,0,0,0,0,nld
116370978,0,0,0,0,0,0,0,0,0,0,0,0,0,0,0,0,0,0,0,0,0,0,fra
116399615,0,0,0,0,0,0,0,0,0,0,0,0,0,0,0,0,0,0,0,0,0,0,deu
116461538,0,0,0,0,0,0,0,0,0,0,0,0,0,0,0,0,0,0,0,0,0,0,deu
116471742,0,0,0,0,0,0,0,0,0,0,0,0,0,0,0,0,0,0,0,0,0,0,fra
116536043,0,0,0,0,0,0,0,0,0,0,0,0,0,0,0,0,0,0,0,0,0,0,deu
116537928,0,0,0,0,0,0,0,0,0,0,0,0,0,0,0,0,0,0,0,0,0,0,gbr
116723845,0,0,0,0,0,0,0,0,0,0,0,0,0,0,0,0,0,0,0,0,0,0,gbr
116878922,0,0,0,0,0,0,0,0,0,0,0,0,0,0,0,0,0,0,0,0,0,0,deu
117189849,0,0,0,0,0,0,0,0,0,0,0,0,0,0,0,0,0,0,0,0,0,0,deu
117278221,0,0,0,0,0,0,0,0,0,0,0,0,0,0,0,0,0,0,0,0,0,0,deu
117284065,0,0,0,0,0,0,0,0,0,0,0,0,0,0,0,0,0,0,0,0,0,0,deu
117327873,0,0,0,0,0,0,0,0,0,0,0,0,0,0,0,0,0,0,0,0,0,0,deu
117356148,0,0,0,0,0,0,0,0,0,0,0,0,0,0,0,0,0,0,0,0,0,0,deu
117453750,0,0,0,0,0,0,0,0,0,0,0,0,0,0,0,0,0,0,0,0,0,0,deu
117468405,0,0,0,0,0,0,0,0,0,0,0,0,0,0,0,0,0,0,0,0,0,0,deu
117501727,0,0,0,0,0,0,0,0,0,0,0,0,0,0,0,0,0,0,0,0,0,0,nld
117705819,0,0,0,0,0,0,0,0,0,0,0,0,0,0,0,0,0,0,0,0,0,0,deu
117738606,0,0,0,0,0,0,0,0,0,0,0,0,0,0,0,0,0,0,0,0,0,0,deu
117819368,0,0,0,0,0,0,0,0,0,0,0,0,0,0,0,0,0,0,0,0,0,0,deu
117819792,0,0,0,0,0,0,0,0,0,0,0,0,0,0,0,0,0,0,0,0,0,0,fra
117954645,0,0,0,0,0,0,0,0,0,0,0,0,0,0,0,0,0,0,0,0,0,0,gbr
118006994,0,0,0,0,0,0,0,0,0,0,0,0,0,0,0,0,0,0,0,0,0,0,fra
118059743,0,0,0,0,0,0,0,0,0,0,0,0,0,0,0,0,0,0,0,0,0,0,gbr
118065836,0,0,0,0,0,0,0,0,0,0,0,0,0,0,0,0,0,0,0,0,0,0,gbr
118072072,0,0,0,0,0,0,0,0,0,0,0,0,0,0,0,0,0,0,0,0,0,0,gbr
118072561,0,0,0,0,0,0,0,0,0,0,0,0,0,0,0,0,0,0,0,0,0,0,deu
118110080,0,0,0,0,0,0,0,0,0,0,0,0,0,0,0,0,0,0,0,0,0,0,nld
118142527,0,0,0,0,0,0,0,0,0,0,0,0,0,0,0,0,0,0,0,0,0,0,deu
118150363,0,0,0,0,0,0,0,0,0,0,0,0,0,0,0,0,0,0,0,0,0,0,gbr
118204781,0,0,0,0,0,0,0,0,0,0,0,0,0,0,0,0,0,0,0,0,0,0,deu
118230784,0,0,0,0,0,0,0,0,0,0,0,0,0,0,0,0,0,0,0,0,0,0,nld
118350356,0,0,0,0,0,0,0,0,0,0,0,0,0,0,0,0,0,0,0,0,0,0,deu
118359351,0,0,0,0,0,0,0,0,0,0,0,0,0,0,0,0,0,0,0,0,0,0,gbr
118421885,0,0,0,0,0,0,0,0,0,0,0,0,0,0,0,0,0,0,0,0,0,0,fra
118475402,0,0,0,0,0,0,0,0,0,0,0,0,0,0,0,0,0,0,0,0,0,0,fra
118605324,0,0,0,0,0,0,0,0,0,0,0,0,0,0,0,0,0,0,0,0,0,0,deu
118727561,0,0,0,0,0,0,0,0,0,0,0,0,0,0,0,0,0,0,0,0,0,0,nld
118807372,0,0,0,0,0,0,0,0,0,0,0,0,0,0,0,0,0,0,0,0,0,0,gbr
118807610,0,0,0,0,0,0,0,0,0,0,0,0,0,0,0,0,0,0,0,0,0,0,gbr
118903786,0,0,0,0,0,0,0,0,0,0,0,0,0,0,0,0,0,0,0,0,0,0,fra
118904490,0,0,0,0,0,0,0,0,0,0,0,0,0,0,0,0,0,0,0,0,0,0,deu
119005614,0,0,0,0,0,0,0,0,0,0,0,0,0,0,0,0,0,0,0,0,0,0,nld
119026922,0,0,0,0,0,0,0,0,0,0,0,0,0,0,0,0,0,0,0,0,0,0,deu
119033424,0,0,0,0,0,0,0,0,0,0,0,0,0,0,0,0,0,0,0,0,0,0,deu
119071731,0,0,0,0,0,0,0,0,0,0,0,0,0,0,0,0,0,0,0,0,0,0,gbr
119084220,0,0,0,0,0,0,0,0,0,0,0,0,0,0,0,0,0,0,0,0,0,0,fra
119110725,0,0,0,0,0,0,0,0,0,0,0,0,0,0,0,0,0,0,0,0,0,0,fra
119199504,0,0,0,0,0,0,0,0,0,0,0,0,0,0,0,0,0,0,0,0,0,0,gbr
119312275,0,0,0,0,0,0,0,0,0,0,0,0,0,0,0,0,0,0,0,0,0,0,fra
119696248,0,0,0,0,0,0,0,0,0,0,0,0,0,0,0,0,0,0,0,0,0,0,fra
119713428,0,0,0,0,0,0,0,0,0,0,0,0,0,0,0,0,0,0,0,0,0,0,deu
119750386,0,0,0,0,0,0,0,0,0,0,0,0,0,0,0,0,0,0,0,0,0,0,fra
119750516,0,0,0,0,0,0,0,0,0,0,0,0,0,0,0,0,0,0,0,0,0,0,gbr
119853537,0,0,0,0,0,0,0,0,0,0,0,0,0,0,0,0,0,0,0,0,0,0,gbr
119984688,0,0,0,0,0,0,0,0,0,0,0,0,0,0,0,0,0,0,0,0,0,0,deu
120325897,0,0,0,0,0,0,0,0,0,0,0,0,0,0,0,0,0,0,0,0,0,0,deu
120326051,0,0,0,0,0,0,0,0,0,0,0,0,0,0,0,0,0,0,0,0,0,0,deu
120326637,0,0,0,0,0,0,0,0,0,0,0,0,0,0,0,0,0,0,0,0,0,0,deu
120327027,0,0,0,0,0,0,0,0,0,0,0,0,0,0,0,0,0,0,0,0,0,7,deu
120369493,0,0,0,0,0,0,0,0,0,0,0,0,0,0,0,0,0,0,0,0,0,0,fra
120369811,0,0,0,0,0,0,0,0,0,0,0,0,0,0,0,0,0,0,0,0,0,0,deu
120372960,0,0,0,0,0,0,0,0,0,0,0,0,0,0,0,0,0,0,0,0,0,0,deu
