Id,Label,timeset,pub_count,au_no,iso_3,country_full,continent_iso_2,componentnumber,strongcompnum,indegree,outdegree,Degree,weighted indegree,weighted outdegree,Weighted Degree,Eccentricity,closnesscentrality,harmonicclosnesscentrality,betweenesscentrality,Authority,Hub,modularity_class,clustering,triangles,eigencentrality,name,inst_name,Label_copy
1,,,1,3,usa,United States,NA,0,0,1,1,2,1,1,2,1,1,1,0,0,0,0,0,0,0.000598,,,60000000
2,Universidade Federal do Rio de Janeiro,,1,2,bra,Brazil,SA,1,1,2,2,4,2,2,4,10,0.246929,0.261361,0,0.002646,0.002646,6,1,1,0.009534,,Universidade Federal do Rio de Janeiro,60000036
3,,,1,1,ind,India,AS,2,2,2,2,4,2,2,4,1,1,1,0,0,0,4,1,1,0.001423,,,60000078
4,,,7,1,isr,Israel,AS,1,1,9,9,18,27,27,54,9,0.315542,0.346096,67.277234,0.051894,0.051894,13,0.638889,23,0.159838,,,60000087
5,,,1,1,esp,Spain,EU,1,1,1,1,2,1,1,2,10,0.204823,0.215651,0,0.000278,0.000278,25,0,0,0.002067,,,60000130
6,,,9,12,fra,France,EU,1,1,19,19,38,22,22,44,8,0.336308,0.375071,2027.77858,0.066822,0.066822,1,0.210526,36,0.219109,,,60000179
7,,,1,1,che,Switzerland,EU,3,3,1,1,2,1,1,2,1,1,1,0,0,0,2,0,0,0.000598,,,60000239
8,,,15,13,jpn,Japan,AS,1,1,30,30,60,41,41,82,9,0.340678,0.38913,5717.407506,0.084226,0.084226,18,0.17931,78,0.296782,,Nagoya University,60000264
9,,,2,1,usa,United States,NA,1,1,4,4,8,4,4,8,10,0.238812,0.254008,1800,0.001562,0.001562,3,0.5,3,0.007709,,,60000305
10,,,1,1,usa,United States,NA,1,1,1,1,2,1,1,2,10,0.217219,0.226776,0,0.000412,0.000412,13,0,0,0.001835,,,60000423
11,,,1,2,fra,France,EU,1,1,4,4,8,4,4,8,9,0.30332,0.330732,0,0.025961,0.025961,20,1,6,0.082783,,,60000445
12,,,6,9,usa,United States,NA,1,1,10,10,20,11,11,22,8,0.301199,0.33146,1440.680551,0.022573,0.022573,13,0.155556,7,0.075816,,,60000460
13,,,8,7,ita,Italy,EU,1,1,13,13,26,16,16,32,9,0.316702,0.349744,3419.083869,0.029234,0.029234,1,0.192308,15,0.103627,,,60000481
14,,,2,1,swe,Sweden,EU,1,1,2,2,4,3,3,6,10,0.241877,0.258908,0,0.00195,0.00195,25,1,1,0.008895,,,60000666
15,,,1,2,ind,India,AS,2,2,2,2,4,2,2,4,1,1,1,0,0,0,4,1,1,0.001423,,,60000690
16,,,1,3,fra,France,EU,4,4,2,2,4,2,2,4,1,1,1,0,0,0,37,1,1,0.001423,,,60000694
17,,,2,2,deu,Germany,EU,1,1,1,1,2,2,2,4,10,0.197575,0.207197,0,0.000132,0.000132,1,0,0,0.001619,,,60000762
18,,,1,1,esp,Spain,EU,1,1,2,2,4,2,2,4,11,0.185996,0.194564,0,0.000051,0.000051,24,1,1,0.001909,,,60000823
19,,,1,1,usa,United States,NA,1,1,3,3,6,3,3,6,9,0.278008,0.298615,0,0.009938,0.009938,13,1,3,0.033137,,,60000871
20,,,1,1,usa,United States,NA,1,1,1,1,2,1,1,2,11,0.210692,0.221837,0,0.000313,0.000313,24,0,0,0.002216,,,60000879
21,,,11,13,fra,France,EU,1,1,15,15,30,16,16,32,9,0.325594,0.361933,3653.063034,0.047862,0.047862,6,0.133333,14,0.15608,,,60000905
22,,,2,1,usa,United States,NA,1,1,11,11,22,11,11,22,9,0.322115,0.35616,380.948095,0.0493,0.0493,18,0.527273,29,0.163887,,,60000928
23,,,2,11,bel,Belgium,EU,1,1,6,6,12,6,6,12,10,0.26646,0.290066,2158.606177,0.00664,0.00664,16,0.466667,7,0.028773,,,60000964
24,,,7,13,usa,United States,NA,1,1,11,11,22,13,13,26,9,0.28728,0.316359,2274.955413,0.013002,0.013002,23,0.181818,10,0.052117,,,60001117
25,,,1,1,usa,United States,NA,1,1,3,3,6,3,3,6,9,0.278008,0.298615,0,0.009938,0.009938,13,1,3,0.033137,,,60001142
26,,,1,2,nld,Netherlands,EU,1,1,6,6,12,6,6,12,9,0.266225,0.287891,0,0.007608,0.007608,16,1,15,0.031861,,,60001157
27,,,2,1,ind,India,AS,5,5,1,1,2,2,2,4,1,1,1,0,0,0,5,0,0,0.000598,,,60001166
28,,,4,6,esp,Spain,EU,1,1,3,3,6,6,6,12,11,0.186054,0.195393,0.5,0.000054,0.000054,24,0.666667,2,0.002554,,,60001171
29,,,2,2,usa,United States,NA,1,1,2,2,4,2,2,4,9,0.267643,0.285348,5.447375,0.007497,0.007497,20,0,0,0.023206,,,60001344
30,,,1,1,swe,Sweden,EU,1,1,1,1,2,1,1,2,10,0.237215,0.251252,0,0.001324,0.001324,25,0,0,0.005322,,,60001360
31,,,6,5,fra,France,EU,1,1,8,8,16,10,10,20,8,0.29201,0.317806,945.261059,0.016937,0.016937,6,0.214286,6,0.060284,,,60001422
32,,,4,5,usa,United States,NA,1,1,8,8,16,10,10,20,7,0.281119,0.306361,3549.812844,0.011208,0.011208,6,0.285714,8,0.042887,,,60001439
33,,,1,2,usa,United States,NA,6,6,1,1,2,1,1,2,1,1,1,0,0,0,8,0,0,0.000598,,,60001440
34,,,1,1,jpn,Japan,AS,1,1,1,1,2,1,1,2,10,0.252724,0.266944,0,0.003842,0.003842,20,0,0,0.011782,,,60001498
35,,,1,1,usa,United States,NA,1,1,6,6,12,6,6,12,10,0.235639,0.254545,0,0.002832,0.002832,23,1,15,0.017913,,,60001551
36,,,1,3,esp,Spain,EU,1,1,2,2,4,2,2,4,10,0.245122,0.261341,0,0.002539,0.002539,17,1,1,0.010958,,,60001576
37,,,1,2,usa,United States,NA,1,1,2,2,4,2,2,4,10,0.225336,0.237902,0,0.000686,0.000686,24,1,1,0.004108,,,60001647
38,,,2,3,usa,United States,NA,1,1,7,7,14,7,7,14,9,0.309707,0.339904,84.707019,0.041925,0.041925,6,0.619048,13,0.131238,,,60001673
39,,,10,12,fra,France,EU,1,1,12,12,24,14,14,28,9,0.327539,0.361436,1970.511449,0.048844,0.048844,6,0.242424,16,0.158678,,,60001772
40,,,9,6,gbr,United Kingdom,EU,1,1,12,12,24,20,20,40,9,0.324368,0.360081,819.051238,0.060458,0.060458,20,0.318182,21,0.193818,,,60001881
41,,,1,3,swe,Sweden,EU,1,1,1,1,2,1,1,2,10,0.221366,0.231964,0,0.000555,0.000555,24,0,0,0.002578,,,60001950
42,,,1,2,svk,Slovakia,EU,7,7,1,1,2,1,1,2,1,1,1,0,0,0,9,0,0,0.000598,,,60001987
43,,,1,1,usa,United States,NA,1,1,2,2,4,2,2,4,9,0.291164,0.313204,0,0.019283,0.019283,13,1,1,0.058022,,,60002092
44,,,1,1,usa,United States,NA,1,1,1,1,2,1,1,2,9,0.297925,0.321086,0,0.016232,0.016232,20,0,0,0.050201,,,60002162
45,,,9,18,can,Canada,NA,1,1,19,19,38,24,24,48,8,0.345757,0.385629,2433.442285,0.087194,0.087194,6,0.304094,52,0.277192,,,60002173
46,,,1,1,usa,United States,NA,1,1,3,3,6,3,3,6,10,0.278651,0.299586,0,0.010371,0.010371,17,1,3,0.034227,,,60002194
47,,,1,1,can,Canada,NA,1,1,1,1,2,1,1,2,12,0.163725,0.170261,0,0.000005,0.000005,6,0,0,0.000936,,,60002306
48,,,11,6,usa,United States,NA,1,1,20,20,40,48,48,96,8,0.351194,0.392816,2252.77229,0.117511,0.117511,20,0.342105,65,0.358689,,Albert Einstein College of Medicine of Yeshiva University,60002388
49,,,1,1,usa,United States,NA,1,1,1,1,2,1,1,2,10,0.257362,0.274268,0,0.005039,0.005039,20,0,0,0.015615,,,60002396
50,Baylor College of Medicine,,4,7,usa,United States,NA,1,1,21,21,42,24,24,48,8,0.315872,0.35354,589.152777,0.060635,0.060635,12,0.342857,72,0.201095,,,60002441
51,,,1,4,jpn,Japan,AS,8,8,1,1,2,1,1,2,1,1,1,0,0,0,7,0,0,0.000598,,,60002443
52,,,6,13,can,Canada,NA,1,1,12,12,24,16,16,32,8,0.319217,0.351771,956.29739,0.044062,0.044062,6,0.378788,25,0.148809,,,60002494
53,,,1,2,deu,Germany,EU,1,1,3,3,6,3,3,6,9,0.273966,0.293774,0,0.008979,0.008979,1,1,3,0.031234,,,60002571
54,,,1,2,usa,United States,NA,1,1,2,2,4,2,2,4,10,0.239571,0.254328,0,0.001753,0.001753,18,1,1,0.007218,,,60002600
55,Harvard Medical School,,26,44,usa,United States,NA,1,1,45,45,90,67,67,134,8,0.386044,0.442401,9488.754638,0.208531,0.208531,13,0.154545,153,0.649256,,Harvard Medical School,60002746
56,,,1,4,jpn,Japan,AS,1,1,3,3,6,3,3,6,9,0.24774,0.266138,0,0.003308,0.003308,18,1,3,0.016166,,,60002784
57,,,2,1,hkg,Hong Kong,AS,1,1,2,2,4,4,4,8,9,0.251041,0.268393,0,0.003185,0.003185,18,1,1,0.013634,,,60002798
58,,,1,1,usa,United States,NA,1,1,4,4,8,4,4,8,9,0.285647,0.308703,0,0.018344,0.018344,12,1,6,0.058058,,,60002860
59,,,1,4,kor,Korea,AS,1,1,2,2,4,2,2,4,12,0.171064,0.179039,0,0.000021,0.000021,18,1,1,0.001715,,,60002877
60,Facultad de Medicina - Universidad de Chile,,1,4,chl,Chile,SA,1,1,1,1,2,1,1,2,10,0.211208,0.220099,0,0.000334,0.000334,20,0,0,0.001541,,Facultad de Medicina - Universidad de Chile,60002946
61,,,1,1,aut,Austria,EU,1,1,2,2,4,2,2,4,10,0.208434,0.221056,0,0.00029,0.00029,1,1,1,0.003515,,,60002963
62,,,2,4,can,Canada,NA,1,1,3,3,6,3,3,6,10,0.246022,0.262581,322.888058,0.00241,0.00241,12,0.333333,1,0.010509,,,60003122
63,,,2,4,usa,United States,NA,1,1,2,2,4,2,2,4,9,0.28687,0.30834,602,0.013226,0.013226,13,0,0,0.040758,,,60003158
64,,,1,3,usa,United States,NA,1,1,2,2,4,2,2,4,9,0.248865,0.263362,0,0.00321,0.00321,6,1,1,0.010673,,,60003212
65,,,1,1,usa,United States,NA,1,1,1,1,2,1,1,2,9,0.246324,0.260701,0,0.00318,0.00318,12,0,0,0.010514,,,60003214
66,,,11,10,usa,United States,NA,1,1,24,24,48,28,28,56,8,0.36,0.402103,5422.282319,0.104414,0.104414,1,0.192029,53,0.334109,,,60003269
67,,,2,2,aut,Austria,EU,1,1,3,3,6,4,4,8,9,0.246727,0.263398,0,0.002836,0.002836,1,1,3,0.012089,,,60003417
68,,,2,2,jpn,Japan,AS,1,1,9,9,18,9,9,18,10,0.288931,0.318602,107.202211,0.025815,0.025815,18,0.638889,23,0.091839,,,60003498
69,,,3,3,usa,United States,NA,1,1,4,4,8,5,5,10,9,0.305471,0.332363,57.112297,0.026594,0.026594,20,0.833333,5,0.083496,,,60003500
70,,,4,3,usa,United States,NA,1,1,3,3,6,7,7,14,8,0.250623,0.267229,15.870521,0.003244,0.003244,12,0.666667,2,0.013619,,,60003526
71,,,1,1,usa,United States,NA,9,9,1,1,2,1,1,2,2,0.6,0.666667,0,0,0,26,0,0,0.000792,,,60003531
72,,,1,1,usa,United States,NA,1,1,1,1,2,1,1,2,9,0.297925,0.321086,0,0.016232,0.016232,20,0,0,0.050201,,,60003545
73,,,1,1,jpn,Japan,AS,1,1,2,2,4,2,2,4,9,0.247537,0.265033,0,0.002773,0.002773,18,1,1,0.012775,,,60003608
74,,,2,6,usa,United States,NA,1,1,5,5,10,5,5,10,9,0.317201,0.346178,152.33057,0.037068,0.037068,20,0.5,5,0.115787,,,60003625
75,Universidad de Malaga,,1,2,esp,Spain,EU,1,1,1,1,2,1,1,2,9,0.297925,0.321086,0,0.016232,0.016232,20,0,0,0.050201,,,60003662
76,University of Pennsylvania School of Medicine,,10,13,usa,United States,NA,1,1,19,19,38,21,21,42,9,0.345163,0.387721,2293.427659,0.101556,0.101556,12,0.28655,49,0.319747,,,60003711
77,,,1,1,usa,United States,NA,1,1,4,4,8,4,4,8,9,0.288379,0.311242,0,0.020441,0.020441,13,1,6,0.062631,,,60003828
78,Uppsala Universitet,,10,17,swe,Sweden,EU,1,1,12,12,24,17,17,34,9,0.310825,0.344579,2743.040748,0.025759,0.025759,25,0.151515,10,0.088228,,,60003858
79,,,13,12,usa,United States,NA,1,1,25,25,50,32,32,64,9,0.359356,0.40342,5229.018273,0.100073,0.100073,13,0.203333,61,0.326101,,Vanderbilt University,60003915
80,,,1,4,nor,Norway,EU,10,10,1,1,2,1,1,2,3,0.5,0.583333,0,0,0,14,0,0,0.000818,,,60003938
81,,,2,3,usa,United States,NA,1,1,3,3,6,3,3,6,9,0.291304,0.314034,17.531285,0.019887,0.019887,13,0.666667,2,0.06021,,,60003999
82,,,1,1,usa,United States,NA,1,1,4,4,8,4,4,8,9,0.29646,0.32122,0,0.025746,0.025746,12,1,6,0.078277,,,60004109
83,,,3,8,nld,Netherlands,EU,1,1,6,6,12,6,6,12,9,0.277497,0.300964,749.740926,0.008836,0.008836,16,0.266667,4,0.032581,,,60004156
84,,,3,3,gbr,United Kingdom,EU,1,1,7,7,14,7,7,14,9,0.303931,0.333496,2399,0.026166,0.026166,17,0.333333,7,0.085163,,,60004219
85,,,1,1,ita,Italy,EU,1,1,4,4,8,4,4,8,9,0.275594,0.296182,0,0.011432,0.011432,1,1,6,0.038915,,,60004688
86,,,2,3,che,Switzerland,EU,1,1,3,3,6,3,3,6,10,0.234266,0.250356,602,0.001485,0.001485,25,0.333333,1,0.00739,,,60004718
87,,,1,2,usa,United States,NA,1,1,1,1,2,1,1,2,10,0.197835,0.205856,0,0.000164,0.000164,12,0,0,0.001136,,,60004803
88,,,3,3,usa,United States,NA,1,1,4,4,8,6,6,12,9,0.276099,0.297592,754.130883,0.009469,0.009469,24,0.333333,2,0.033155,,,60004923
89,,,1,1,twn,Taiwan,AS,1,1,3,3,6,3,3,6,9,0.201875,0.214146,0,0.000136,0.000136,16,1,3,0.004421,,,60004965
90,,,4,5,deu,Germany,EU,1,1,4,4,8,4,4,8,11,0.221447,0.237524,84.251602,0.0009,0.0009,25,0.666667,4,0.007946,,,60005036
91,,,1,2,irl,Ireland,EU,1,1,2,2,4,2,2,4,9,0.245022,0.260551,0,0.002674,0.002674,1,1,1,0.010361,,,60005141
92,,,3,8,usa,United States,NA,1,1,4,4,8,5,5,10,10,0.286597,0.310942,341.6869,0.015308,0.015308,23,0.333333,2,0.049216,,,60005200
93,,,1,1,jpn,Japan,AS,8,8,1,1,2,1,1,2,1,1,1,0,0,0,7,0,0,0.000598,,,60005218
94,Royal Melbourne Hospital,,4,4,aus,Australia,OC,1,1,11,11,22,14,14,28,9,0.320574,0.355165,823.032891,0.057478,0.057478,12,0.454545,25,0.178728,,,60005245
95,,,3,6,usa,United States,NA,1,1,6,6,12,7,7,14,9,0.308756,0.336536,95.353314,0.027272,0.027272,1,0.533333,8,0.087808,,,60005247
96,,,7,12,usa,United States,NA,1,1,13,13,26,15,15,30,9,0.298072,0.329899,2449.041846,0.028812,0.028812,23,0.294872,23,0.099441,,,60005248
97,,,1,4,deu,Germany,EU,1,1,3,3,6,3,3,6,10,0.271133,0.291488,0,0.009081,0.009081,20,1,3,0.028525,,,60005285
98,,,3,7,deu,Germany,EU,1,1,5,5,10,5,5,10,10,0.279037,0.304423,611.13309,0.018412,0.018412,17,0.3,3,0.058713,,,60005322
99,,,1,5,fra,France,EU,1,1,4,4,8,4,4,8,9,0.269557,0.289798,0,0.009739,0.009739,16,1,6,0.032323,,,60005368
100,,,1,3,nzl,New Zealand,OC,1,1,3,3,6,3,3,6,9,0.29822,0.322744,0,0.01852,0.01852,20,1,3,0.058059,,,60005397
101,,,2,3,twn,Taiwan,AS,1,1,4,4,8,4,4,8,8,0.250207,0.268165,1202,0.002309,0.002309,16,0.333333,2,0.012233,,,60005429
102,,,8,15,usa,United States,NA,1,1,23,23,46,27,27,54,7,0.321943,0.361541,3988.93792,0.057619,0.057619,12,0.245059,62,0.19581,,,60005455
103,,,1,1,esp,Spain,EU,1,1,2,2,4,2,2,4,9,0.269196,0.287642,0,0.007947,0.007947,12,1,1,0.024683,,,60005625
104,,,1,2,che,Switzerland,EU,1,1,1,1,2,1,1,2,9,0.293145,0.314752,0,0.014206,0.014206,20,0,0,0.043424,,,60005666
105,,,1,3,fra,France,EU,1,1,1,1,2,1,1,2,11,0.215588,0.226974,0,0.000585,0.000585,18,0,0,0.0031,,,60005667
106,,,2,4,nzl,New Zealand,OC,11,11,2,2,4,4,4,8,1,1,1,0,0,0,19,1,1,0.001423,,,60005686
107,,,5,8,fra,France,EU,1,1,7,7,14,8,8,16,8,0.297484,0.321786,759.430381,0.01988,0.01988,6,0.285714,6,0.068141,,,60005711
108,,,2,2,usa,United States,NA,1,1,5,5,10,5,5,10,9,0.290323,0.315056,75.831847,0.021365,0.021365,13,0.7,7,0.066681,,,60005745
109,,,3,3,usa,United States,NA,1,1,5,5,10,5,5,10,9,0.292293,0.315084,722.490364,0.01255,0.01255,24,0.3,3,0.043183,,,60005837
110,,,1,1,usa,United States,NA,1,1,1,1,2,1,1,2,10,0.256705,0.273096,0,0.005219,0.005219,12,0,0,0.016031,,,60005853
111,,,1,1,usa,United States,NA,6,6,1,1,2,1,1,2,1,1,1,0,0,0,8,0,0,0.000598,,,60005856
112,,,1,1,esp,Spain,EU,1,1,1,1,2,1,1,2,10,0.257362,0.274268,0,0.005039,0.005039,20,0,0,0.015615,,,60005871
113,,,1,1,jpn,Japan,AS,1,1,2,2,4,2,2,4,9,0.287691,0.307317,0,0.014755,0.014755,1,1,1,0.044541,,,60005935
114,,,1,2,usa,United States,NA,1,1,2,2,4,2,2,4,10,0.246223,0.262667,0,0.003625,0.003625,12,1,1,0.012135,,,60006024
115,,,1,1,usa,United States,NA,1,1,1,1,2,1,1,2,11,0.209885,0.219523,0,0.000336,0.000336,24,0,0,0.001746,,,60006156
116,,,2,2,usa,United States,NA,1,1,4,4,8,4,4,8,9,0.300149,0.326167,926.715723,0.018427,0.018427,24,0.333333,2,0.059867,,,60006173
117,,,4,7,gbr,United Kingdom,EU,1,1,12,12,24,13,13,26,8,0.320915,0.356059,533.466579,0.050926,0.050926,17,0.424242,28,0.166722,,,60006222
118,,,2,2,usa,United States,NA,1,1,1,1,2,2,2,4,9,0.248455,0.261218,0,0.002706,0.002706,6,0,0,0.008962,,,60006281
119,University of Pennsylvania,,36,17,usa,United States,NA,1,1,34,34,68,136,136,272,8,0.381646,0.431152,7837.034912,0.182715,0.182715,20,0.224599,126,0.562233,,University of Pennsylvania,60006297
120,,,3,11,jpn,Japan,AS,1,1,5,5,10,5,5,10,9,0.303778,0.330815,1458.60236,0.01905,0.01905,18,0.2,2,0.062038,,,60006321
121,,,8,11,usa,United States,NA,1,1,8,8,16,12,12,24,7,0.287143,0.31348,1389.782098,0.017054,0.017054,12,0.214286,6,0.058772,,,60006385
122,,,2,1,usa,United States,NA,1,1,1,1,2,2,2,4,10,0.256487,0.273688,0,0.004015,0.004015,24,0,0,0.014066,,,60006404
123,,,2,2,usa,United States,NA,1,1,2,2,4,2,2,4,10,0.246727,0.262596,1029.780304,0.002466,0.002466,6,0,0,0.009352,,,60006475
124,,,1,2,usa,United States,NA,1,1,3,3,6,3,3,6,10,0.245521,0.263362,0,0.003777,0.003777,24,1,3,0.014811,,,60006514
125,,,2,8,hkg,Hong Kong,AS,1,1,2,2,4,2,2,4,10,0.245922,0.262359,41.189269,0.002533,0.002533,18,0,0,0.01068,,,60006541
126,,,4,4,usa,United States,NA,1,1,8,8,16,9,9,18,9,0.304853,0.334017,501.291582,0.024616,0.024616,13,0.285714,8,0.082097,,,60006577
127,,,1,4,fin,Finland,EU,12,12,2,2,4,2,2,4,1,1,1,0,0,0,28,1,1,0.001423,,,60006876
128,,,1,1,can,Canada,NA,1,1,2,2,4,2,2,4,8,0.267881,0.285191,0,0.007695,0.007695,6,1,1,0.026574,,,60006894
129,,,1,1,usa,United States,NA,1,1,2,2,4,2,2,4,10,0.273469,0.293174,0,0.009865,0.009865,12,1,1,0.031475,,,60006949
130,,,3,3,usa,United States,NA,1,1,5,5,10,5,5,10,9,0.309707,0.337448,47.32745,0.025993,0.025993,20,0.5,5,0.082657,,,60006989
131,,,2,2,nor,Norway,EU,10,10,1,1,2,2,2,4,3,0.5,0.583333,0,0,0,14,0,0,0.000818,,,60007008
132,,,1,1,usa,United States,NA,1,1,1,1,2,1,1,2,10,0.239476,0.253499,0,0.001663,0.001663,18,0,0,0.006236,,,60007103
133,Chonnam National University,,1,2,kor,Korea,AS,1,1,6,6,12,6,6,12,8,0.316868,0.343511,0,0.031472,0.031472,6,1,15,0.103319,,,60007215
134,,,3,2,deu,Germany,EU,1,1,8,8,16,9,9,18,9,0.322805,0.354111,102.741857,0.04942,0.04942,1,0.571429,16,0.155037,,,60007257
135,,,3,2,usa,United States,NA,1,1,5,5,10,7,7,14,10,0.238906,0.258924,37.260937,0.002491,0.002491,25,0.8,8,0.014589,,,60007278
136,,,1,1,rus,Russia,EU,1,1,4,4,8,4,4,8,10,0.26459,0.28455,0,0.007979,0.007979,1,1,6,0.028805,,,60007457
137,,,1,1,ita,Italy,EU,1,1,1,1,2,1,1,2,11,0.211505,0.220715,0,0.00033,0.00033,17,0,0,0.001662,,,60007466
138,,,1,1,kor,Korea,AS,1,1,2,2,4,2,2,4,12,0.171064,0.179039,0,0.000021,0.000021,18,1,1,0.001715,,,60007511
139,,,3,7,usa,United States,NA,1,1,7,7,14,8,8,16,8,0.288793,0.315208,28.675205,0.025517,0.025517,12,0.714286,15,0.083557,,,60007517
140,,,1,2,jpn,Japan,AS,1,1,5,5,10,5,5,10,9,0.273842,0.29726,0,0.009533,0.009533,18,1,10,0.040248,,,60007524
141,,,2,7,usa,United States,NA,1,1,2,2,4,2,2,4,9,0.277369,0.296956,602,0.008013,0.008013,13,0,0,0.02645,,,60007651
142,,,4,6,usa,United States,NA,1,1,7,7,14,8,8,16,9,0.309072,0.339051,499.040871,0.024769,0.024769,24,0.380952,8,0.082548,,,60007776
143,,,1,2,deu,Germany,EU,1,1,2,2,4,2,2,4,10,0.271011,0.290658,0,0.008589,0.008589,20,1,1,0.026396,,,60007902
144,,,1,3,jpn,Japan,AS,1,1,2,2,4,2,2,4,9,0.263549,0.284546,0,0.006959,0.006959,18,1,1,0.027525,,,60007912
145,,,13,6,nld,Netherlands,EU,1,1,10,10,20,35,35,70,9,0.318038,0.350656,782.507506,0.052432,0.052432,13,0.511111,23,0.163284,,,60007989
146,,,1,2,usa,United States,NA,1,1,2,2,4,2,2,4,10,0.232819,0.248721,0,0.001879,0.001879,18,1,1,0.009643,,,60007997
147,Universidade de Sao Paulo,,1,1,bra,Brazil,SA,1,1,6,6,12,6,6,12,9,0.276099,0.298887,0,0.016252,0.016252,12,1,15,0.054689,,Universidade de Sao Paulo,60008088
148,,,1,3,usa,United States,NA,1,1,3,3,6,3,3,6,9,0.288103,0.311242,0,0.01719,0.01719,12,1,3,0.054146,,,60008130
149,,,9,17,fra,France,EU,1,1,17,17,34,19,19,38,8,0.339145,0.375762,3167.728167,0.058547,0.058547,1,0.183824,25,0.193149,,,60008134
150,,,2,2,aut,Austria,EU,1,1,2,2,4,2,2,4,12,0.121084,0.126554,602,0,0,6,0,0,0.001328,,,60008222
151,,,4,1,deu,Germany,EU,1,1,6,6,12,8,8,16,9,0.257472,0.280333,774.971929,0.005402,0.005402,25,0.4,6,0.023747,,,60008293
152,,,2,4,jpn,Japan,AS,1,1,6,6,12,6,6,12,10,0.266108,0.290658,123.153689,0.010204,0.010204,24,0.666667,10,0.038675,,,60008435
153,,,1,3,usa,United States,NA,1,1,3,3,6,3,3,6,9,0.279685,0.301379,0,0.011425,0.011425,12,1,3,0.037953,,,60008438
154,,,1,2,irl,Ireland,EU,1,1,1,1,2,1,1,2,10,0.182451,0.191045,0,0.000025,0.000025,16,0,0,0.001221,,,60008539
155,,,2,3,hkg,Hong Kong,AS,1,1,4,4,8,4,4,8,9,0.279685,0.301766,42.042079,0.011376,0.011376,13,0.5,3,0.03738,,,60008592
156,,,2,2,usa,United States,NA,1,1,3,3,6,3,3,6,11,0.199669,0.210645,465.04196,0.000132,0.000132,6,0.333333,1,0.002751,,,60008599
157,,,1,3,usa,United States,NA,1,1,3,3,6,3,3,6,9,0.29822,0.322744,0,0.01852,0.01852,20,1,3,0.058059,,,60008634
158,,,2,3,usa,United States,NA,1,1,3,3,6,3,3,6,10,0.239952,0.256212,79.865042,0.001548,0.001548,23,0.333333,1,0.008009,,,60008724
159,,,1,3,jpn,Japan,AS,13,13,1,1,2,1,1,2,1,1,1,0,0,0,10,0,0,0.000598,,,60008762
160,,,3,12,usa,United States,NA,1,1,4,4,8,4,4,8,10,0.271744,0.293091,337.147597,0.007309,0.007309,23,0.166667,1,0.025261,,,60008772
161,,,3,3,gbr,United Kingdom,EU,1,1,2,2,4,4,4,8,10,0.19764,0.208026,0,0.00014,0.00014,1,1,1,0.002391,,,60008877
162,,,1,2,aus,Australia,OC,1,1,9,9,18,9,9,18,8,0.298811,0.32684,0,0.034379,0.034379,12,1,36,0.11331,,,60008950
163,,,2,2,jpn,Japan,AS,1,1,4,4,8,4,4,8,9,0.257692,0.278244,118.503903,0.003925,0.003925,18,0.5,3,0.018401,,,60008959
164,,,1,1,jpn,Japan,AS,1,1,7,7,14,7,7,14,10,0.285917,0.312577,0,0.021662,0.021662,18,1,21,0.077154,,,60009109
165,,,1,1,usa,United States,NA,1,1,1,1,2,1,1,2,10,0.218162,0.230586,0,0.000565,0.000565,16,0,0,0.003704,,,60009254
166,,,1,3,svk,Slovakia,EU,7,7,1,1,2,1,1,2,1,1,1,0,0,0,9,0,0,0.000598,,,60009282
167,,,1,1,gbr,United Kingdom,EU,1,1,3,3,6,3,3,6,7,0.273345,0.291341,0,0.007238,0.007238,6,1,3,0.025334,,,60009383
168,,,9,13,usa,United States,NA,1,1,18,18,36,23,23,46,9,0.32577,0.365333,1411.932718,0.066184,0.066184,12,0.248366,38,0.213077,,,60009470
169,,,2,5,aus,Australia,OC,1,1,3,3,6,3,3,6,10,0.247334,0.26388,3582,0.003504,0.003504,27,0.333333,1,0.012169,,,60009512
170,,,1,1,can,Canada,NA,1,1,1,1,2,1,1,2,9,0.257033,0.272235,0,0.004481,0.004481,6,0,0,0.014142,,,60009697
171,,,3,12,jpn,Japan,AS,1,1,8,8,16,9,9,18,10,0.277241,0.3034,297.792602,0.012714,0.012714,18,0.464286,13,0.050404,,,60009852
172,,,1,1,usa,United States,NA,1,1,1,1,2,1,1,2,10,0.256487,0.273688,0,0.004015,0.004015,24,0,0,0.014066,,,60009861
173,,,1,1,usa,United States,NA,1,1,1,1,2,1,1,2,10,0.233179,0.246684,0,0.001347,0.001347,24,0,0,0.00538,,,60009866
174,,,2,7,jpn,Japan,AS,1,1,6,6,12,6,6,12,9,0.27484,0.299665,10.786709,0.014318,0.014318,18,0.733333,11,0.05804,,,60009885
175,,,1,2,swe,Sweden,EU,1,1,1,1,2,1,1,2,10,0.237215,0.251252,0,0.001324,0.001324,25,0,0,0.005322,,,60009951
176,,,2,2,che,Switzerland,EU,1,1,5,5,10,5,5,10,9,0.31195,0.339656,37.092304,0.033324,0.033324,17,0.7,7,0.103961,,,60009963
177,Harvard University,,41,23,usa,United States,NA,1,1,37,37,74,141,141,282,9,0.373375,0.427439,9098.180887,0.16673,0.16673,20,0.162162,108,0.519764,,Harvard University,60009982
178,,,2,2,aut,Austria,EU,1,1,2,2,4,2,2,4,11,0.137671,0.144491,1202,0,0,6,0,0,0.001551,,,60009999
179,,,2,2,nld,Netherlands,EU,14,14,1,1,2,2,2,4,1,1,1,0,0,0,11,0,0,0.000598,,,60010023
180,,,4,5,usa,United States,NA,1,1,11,11,22,11,11,22,8,0.330955,0.364904,1496.79786,0.059259,0.059259,6,0.363636,20,0.186951,,,60010261
181,,,2,2,usa,United States,NA,1,1,2,2,4,3,3,6,10,0.270161,0.290824,0,0.009606,0.009606,18,1,1,0.030951,,,60010313
182,,,1,1,gbr,United Kingdom,EU,1,1,1,1,2,1,1,2,10,0.257143,0.273482,0,0.004055,0.004055,17,0,0,0.014302,,,60010337
183,,,3,5,nor,Norway,EU,10,10,3,3,6,4,4,8,2,0.8,0.875,3,0,0,14,0.333333,1,0.002162,,,60010348
184,,,1,2,can,Canada,NA,1,1,1,1,2,1,1,2,10,0.223251,0.235794,0,0.000668,0.000668,23,0,0,0.003709,,,60010365
185,,,1,1,usa,United States,NA,1,1,3,3,6,3,3,6,11,0.19296,0.202399,0,0.000089,0.000089,3,1,3,0.002861,,,60010544
186,,,2,3,fra,France,EU,1,1,4,4,8,4,4,8,9,0.291445,0.315747,149.4067,0.017365,0.017365,17,0.5,3,0.054631,,,60010578
187,,,1,2,deu,Germany,EU,1,1,1,1,2,1,1,2,11,0.215588,0.226974,0,0.000585,0.000585,18,0,0,0.0031,,,60010586
188,,,2,4,can,Canada,NA,1,1,7,7,14,7,7,14,7,0.269919,0.290954,602,0.009717,0.009717,6,0.714286,15,0.038302,,,60010833
189,,,1,1,fra,France,EU,1,1,2,2,4,2,2,4,10,0.241877,0.258908,0,0.00195,0.00195,25,1,1,0.008895,,,60010850
190,,,1,6,zaf,South Africa,AF,1,1,2,2,4,2,2,4,10,0.232191,0.245906,0,0.00213,0.00213,13,1,1,0.007574,,,60010932
191,,,5,18,jpn,Japan,AS,1,1,15,15,30,15,15,30,9,0.293574,0.327415,1060.477538,0.02385,0.02385,18,0.27619,29,0.099155,,,60011001
192,,,1,4,jpn,Japan,AS,1,1,2,2,4,2,2,4,9,0.247537,0.265033,0,0.002773,0.002773,18,1,1,0.012775,,,60011047
193,,,1,3,dnk,Denmark,EU,1,1,3,3,6,3,3,6,9,0.264822,0.282363,0,0.009684,0.009684,6,1,3,0.031108,,,60011373
194,,,1,1,usa,United States,NA,1,1,1,1,2,1,1,2,9,0.231567,0.244441,0,0.00116,0.00116,13,0,0,0.004595,,,60011460
195,,,1,1,usa,United States,NA,1,1,1,1,2,1,1,2,10,0.235088,0.24685,0,0.001022,0.001022,24,0,0,0.003822,,,60011484
196,,,20,25,gbr,United Kingdom,EU,1,1,26,26,52,40,40,80,9,0.350378,0.39745,4624.474982,0.096063,0.096063,17,0.175385,57,0.316191,,King's College London,60011520
197,Croatian Inst. of Transfusion Medicine,,1,1,hrv,Croatia,EU,1,1,3,3,6,3,3,6,9,0.300748,0.326006,0,0.018572,0.018572,24,1,3,0.059209,,,60011673
198,,,2,2,usa,United States,NA,1,1,3,3,6,3,3,6,10,0.274715,0.295827,356.391072,0.008986,0.008986,23,0.333333,1,0.028645,,,60011754
199,,,2,3,usa,United States,NA,1,1,1,1,2,2,2,4,10,0.256487,0.273688,0,0.004015,0.004015,24,0,0,0.014066,,,60011765
200,,,1,2,usa,United States,NA,1,1,1,1,2,1,1,2,9,0.277114,0.295436,0,0.009789,0.009789,12,0,0,0.029332,,,60011777
201,,,1,1,deu,Germany,EU,1,1,3,3,6,3,3,6,10,0.271133,0.291488,0,0.009081,0.009081,20,1,3,0.028525,,,60011807
202,,,1,1,jpn,Japan,AS,13,13,1,1,2,1,1,2,1,1,1,0,0,0,10,0,0,0.000598,,,60011846
203,,,2,4,usa,United States,NA,1,1,2,2,4,2,2,4,9,0.246525,0.261807,602,0.003189,0.003189,12,0,0,0.011137,,,60011951
204,,,1,1,ita,Italy,EU,1,1,1,1,2,1,1,2,11,0.219432,0.23279,0,0.000626,0.000626,25,0,0,0.003572,,,60012227
205,,,1,4,jpn,Japan,AS,1,1,2,2,4,2,2,4,10,0.199339,0.210109,0,0.00017,0.00017,18,1,1,0.002562,,,60012275
206,,,1,1,usa,United States,NA,1,1,1,1,2,1,1,2,10,0.256378,0.272637,0,0.00474,0.00474,12,0,0,0.014829,,,60012286
207,,,2,8,swe,Sweden,EU,1,1,3,3,6,5,5,10,9,0.300898,0.326033,0,0.018507,0.018507,25,1,3,0.058891,,,60012311
208,University of Oregon,,75,53,usa,United States,NA,1,1,85,85,170,232,232,464,8,0.424051,0.499422,36702.1337,0.315889,0.315889,20,0.089356,319,1,,University of Oregon,60012317
209,,,1,3,usa,United States,NA,15,15,2,2,4,2,2,4,1,1,1,0,0,0,21,1,1,0.001423,,,60012387
210,,,1,1,deu,Germany,EU,1,1,6,6,12,6,6,12,9,0.296898,0.323708,0,0.035627,0.035627,13,1,15,0.107672,,,60012408
211,,,1,3,usa,United States,NA,1,1,2,2,4,2,2,4,9,0.274465,0.292423,0,0.009181,0.009181,6,1,1,0.028323,,,60012445
212,Universidad de Chile,,2,2,chl,Chile,SA,1,1,2,2,4,2,2,4,9,0.267643,0.285348,602,0.006503,0.006503,20,0,0,0.020516,,Universidad de Chile,60012464
213,,,3,3,usa,United States,NA,1,1,7,7,14,8,8,16,8,0.313084,0.339748,354.238902,0.029958,0.029958,6,0.47619,10,0.09804,,,60012553
214,,,1,5,che,Switzerland,EU,1,1,2,2,4,2,2,4,10,0.234175,0.249527,0,0.001481,0.001481,25,1,1,0.006854,,,60012614
215,,,2,2,gbr,United Kingdom,EU,14,14,1,1,2,2,2,4,1,1,1,0,0,0,11,0,0,0.000598,,,60012622
216,,,7,8,kor,Korea,AS,1,1,9,9,18,12,12,24,9,0.290602,0.318847,3043.64626,0.013299,0.013299,13,0.166667,6,0.050671,,,60012704
217,,,1,1,usa,United States,NA,1,1,2,2,4,2,2,4,9,0.277752,0.296873,0,0.010435,0.010435,13,1,1,0.03269,,,60012708
218,Cancer Research UK,,23,20,gbr,United Kingdom,EU,1,1,33,33,66,52,52,104,9,0.357864,0.408285,5464.037223,0.118961,0.118961,20,0.151515,80,0.386132,,Cancer Research UK,60012754
219,,,1,2,usa,United States,NA,1,1,1,1,2,1,1,2,10,0.271989,0.291073,0,0.008568,0.008568,20,0,0,0.025905,,,60012771
220,,,1,1,bel,Belgium,EU,1,1,1,1,2,1,1,2,11,0.20894,0.219438,0,0.00034,0.00034,16,0,0,0.002133,,,60012937
221,,,3,3,usa,United States,NA,1,1,10,10,20,10,10,20,9,0.302104,0.332635,1312.961729,0.039328,0.039328,13,0.377778,17,0.12286,,,60012981
222,,,1,1,usa,United States,NA,1,1,2,2,4,2,2,4,10,0.232191,0.245906,0,0.00213,0.00213,13,1,1,0.007574,,,60013234
223,,,1,1,twn,Taiwan,AS,1,1,2,2,4,2,2,4,9,0.20174,0.21304,0,0.000129,0.000129,16,1,1,0.003208,,,60013314
224,,,3,6,usa,United States,NA,1,1,3,3,6,5,5,10,10,0.224414,0.238171,27.576167,0.000866,0.000866,24,0.333333,1,0.005141,,,60013340
225,,,4,8,usa,United States,NA,1,1,16,16,32,18,18,36,8,0.320915,0.357354,781.825576,0.055384,0.055384,12,0.325,39,0.181827,,,60013369
226,,,3,2,usa,United States,NA,1,1,9,9,18,10,10,20,10,0.270404,0.29696,622.207934,0.012325,0.012325,23,0.472222,17,0.048242,,,60013372
227,,,3,5,usa,United States,NA,1,1,5,5,10,5,5,10,9,0.284166,0.307155,765.058969,0.010804,0.010804,24,0.3,3,0.037919,,,60013402
228,,,4,10,usa,United States,NA,1,1,8,8,16,9,9,18,9,0.311306,0.340927,225.708211,0.02793,0.02793,13,0.321429,9,0.091003,,,60013409
229,,,1,1,usa,United States,NA,1,1,1,1,2,1,1,2,11,0.212773,0.223746,0,0.000531,0.000531,13,0,0,0.002256,,,60013609
230,,,1,6,chn,China,AS,16,16,1,1,2,1,1,2,1,1,1,0,0,0,32,0,0,0.000598,,,60013625
231,,,1,1,usa,United States,NA,9,9,1,1,2,1,1,2,2,0.6,0.666667,0,0,0,26,0,0,0.000792,,,60013671
232,,,3,6,kor,Korea,AS,1,1,4,4,8,4,4,8,11,0.206224,0.219432,1802,0.000395,0.000395,18,0.166667,1,0.004295,,,60013682
233,,,4,5,usa,United States,NA,1,1,5,5,10,5,5,10,10,0.252407,0.272148,719.919031,0.002919,0.002919,24,0.1,1,0.013837,,,60013780
234,,,1,1,usa,United States,NA,1,1,9,9,18,9,9,18,8,0.298811,0.32684,0,0.034379,0.034379,12,1,36,0.11331,,,60013791
235,,,10,20,jpn,Japan,AS,1,1,16,16,32,19,19,38,9,0.324892,0.363043,2857.951196,0.045644,0.045644,13,0.191667,23,0.160105,,,60013829
236,,,1,1,usa,United States,NA,1,1,2,2,4,2,2,4,9,0.298811,0.322989,0,0.018221,0.018221,24,1,1,0.057489,,,60013871
237,,,1,1,usa,United States,NA,15,15,2,2,4,2,2,4,1,1,1,0,0,0,21,1,1,0.001423,,,60013959
238,,,1,3,gbr,United Kingdom,EU,1,1,1,1,2,1,1,2,10,0.245721,0.260219,0,0.002459,0.002459,6,0,0,0.008502,,,60013999
239,,,8,16,can,Canada,NA,1,1,14,14,28,19,19,38,8,0.336683,0.371758,2865.43341,0.058927,0.058927,6,0.318681,29,0.191832,,,60014054
240,,,1,2,deu,Germany,EU,1,1,2,2,4,2,2,4,10,0.271011,0.290658,0,0.008589,0.008589,20,1,1,0.026396,,,60014059
241,,,1,2,can,Canada,NA,1,1,1,1,2,1,1,2,10,0.225843,0.238392,0,0.000999,0.000999,24,0,0,0.004374,,,60014171
242,,,4,2,usa,United States,NA,1,1,5,5,10,8,8,16,8,0.250832,0.268888,1217.870521,0.003262,0.003262,12,0.3,3,0.014942,,,60014232
243,,,3,5,jpn,Japan,AS,1,1,4,4,8,6,6,12,9,0.290462,0.314646,21.484277,0.014941,0.014941,18,0.666667,4,0.052057,,,60014256
244,,,4,4,usa,United States,NA,1,1,7,7,14,11,11,22,9,0.292718,0.320533,74.503071,0.023862,0.023862,18,0.428571,9,0.08261,,,60014313
245,,,6,10,usa,United States,NA,1,1,9,9,18,13,13,26,9,0.315707,0.348172,636.116154,0.051273,0.051273,12,0.555556,20,0.158416,,,60014334
246,,,3,5,usa,United States,NA,1,1,6,6,12,6,6,12,8,0.232102,0.250221,4857.60509,0.001164,0.001164,6,0.2,3,0.009864,,,60014439
247,,,1,4,usa,United States,NA,1,1,2,2,4,2,2,4,9,0.200666,0.210184,0,0.000177,0.000177,12,1,1,0.002322,,,60014611
248,Hokkaido University,,8,11,jpn,Japan,AS,1,1,20,20,40,25,25,50,8,0.342808,0.382952,4044.690662,0.062691,0.062691,6,0.236842,45,0.220633,,,60014652
249,,,1,1,usa,United States,NA,1,1,1,1,2,1,1,2,10,0.225843,0.238392,0,0.000999,0.000999,24,0,0,0.004374,,,60014653
250,,,1,1,usa,United States,NA,1,1,2,2,4,2,2,4,9,0.260138,0.276586,0,0.006366,0.006366,20,1,1,0.01908,,,60014662
251,,,3,14,usa,United States,NA,1,1,9,9,18,9,9,18,9,0.30687,0.337417,1865.046081,0.035698,0.035698,13,0.361111,13,0.112832,,,60014739
252,,,1,1,usa,United States,NA,1,1,2,2,4,2,2,4,10,0.241587,0.256208,0,0.001601,0.001601,1,1,1,0.007319,,,60014754
253,,,1,1,nld,Netherlands,EU,1,1,3,3,6,3,3,6,10,0.226266,0.24189,0,0.001075,0.001075,16,1,3,0.007215,,,60014776
254,,,3,2,gbr,United Kingdom,EU,1,1,5,5,10,6,6,12,9,0.304392,0.332667,2.463136,0.028946,0.028946,17,0.9,9,0.092271,,,60014906
255,,,1,1,usa,United States,NA,1,1,2,2,4,2,2,4,9,0.277241,0.29668,0,0.008425,0.008425,13,1,1,0.027688,,,60015023
256,,,9,7,deu,Germany,EU,1,1,16,16,32,22,22,44,9,0.319386,0.358202,2058.651136,0.050288,0.050288,24,0.241667,29,0.165351,,,60015159
257,,,6,6,che,Switzerland,EU,1,1,13,13,26,13,13,26,9,0.305316,0.339936,4228.418426,0.027342,0.027342,25,0.179487,14,0.09616,,,60015184
258,,,6,5,can,Canada,NA,1,1,11,11,22,12,12,24,9,0.291586,0.320916,2693.112382,0.019438,0.019438,24,0.236364,13,0.068461,,,60015186
259,,,2,4,nld,Netherlands,EU,1,1,5,5,10,5,5,10,9,0.304085,0.329899,305.524968,0.023483,0.023483,18,0.4,4,0.076065,,,60015205
260,,,2,3,swe,Sweden,EU,1,1,5,5,10,5,5,10,9,0.300598,0.326969,55.816111,0.028085,0.028085,12,0.6,6,0.086341,,,60015216
261,,,1,1,fin,Finland,EU,12,12,2,2,4,2,2,4,1,1,1,0,0,0,28,1,1,0.001423,,,60015375
262,,,24,36,usa,United States,NA,1,1,21,21,42,31,31,62,9,0.346353,0.390651,4741.836589,0.098059,0.098059,20,0.17619,37,0.30829,,,60015481
263,,,1,2,usa,United States,NA,1,1,3,3,6,3,3,6,10,0.235088,0.249582,0,0.002045,0.002045,13,1,3,0.008313,,,60015574
264,,,1,1,usa,United States,NA,1,1,1,1,2,1,1,2,10,0.271989,0.291073,0,0.008568,0.008568,20,0,0,0.025905,,,60015615
265,,,1,1,fra,France,EU,1,1,4,4,8,4,4,8,9,0.269557,0.289798,0,0.009739,0.009739,16,1,6,0.032323,,,60015622
266,,,7,11,jpn,Japan,AS,1,1,17,17,34,27,27,54,9,0.319217,0.357791,1517.002419,0.050453,0.050453,18,0.294118,40,0.177393,,,60015682
267,,,1,2,jpn,Japan,AS,1,1,1,1,2,1,1,2,9,0.2554,0.270671,0,0.003222,0.003222,6,0,0,0.011989,,,60015698
268,,,1,1,che,Switzerland,EU,1,1,2,2,4,2,2,4,10,0.272974,0.294113,0,0.008774,0.008774,25,1,1,0.028173,,,60015741
269,,,2,4,usa,United States,NA,1,1,3,3,6,3,3,6,9,0.291445,0.31431,48.180772,0.019669,0.019669,20,0.333333,1,0.059674,,,60015849
270,,,1,6,gbr,United Kingdom,EU,1,1,2,2,4,2,2,4,10,0.213527,0.224826,0,0.000351,0.000351,18,1,1,0.003146,,,60015875
271,,,1,1,usa,United States,NA,1,1,2,2,4,2,2,4,10,0.235088,0.24824,0,0.001097,0.001097,24,1,1,0.005003,,,60015902
272,,,2,1,usa,United States,NA,1,1,1,1,2,2,2,4,10,0.271989,0.291073,0,0.008568,0.008568,20,0,0,0.025905,,,60015941
273,,,1,1,gbr,United Kingdom,EU,1,1,1,1,2,1,1,2,9,0.258687,0.27385,0,0.004706,0.004706,6,0,0,0.014885,,,60015945
274,,,1,5,can,Canada,NA,1,1,1,1,2,1,1,2,11,0.215588,0.226974,0,0.000585,0.000585,18,0,0,0.0031,,,60016005
275,,,1,1,usa,United States,NA,17,17,1,1,2,1,1,2,1,1,1,0,0,0,38,0,0,0.000598,,,60016053
276,,,1,1,usa,United States,NA,1,1,3,3,6,3,3,6,10,0.246223,0.263303,0,0.003853,0.003853,12,1,3,0.01356,,,60016081
277,,,1,1,usa,United States,NA,1,1,3,3,6,3,3,6,8,0.243833,0.260394,0,0.0033,0.0033,12,1,3,0.013618,,,60016261
278,,,1,1,fra,France,EU,1,1,5,5,10,5,5,10,9,0.302711,0.328134,0,0.025447,0.025447,13,1,10,0.083663,,,60016361
279,,,2,2,swe,Sweden,EU,1,1,3,3,6,3,3,6,10,0.159439,0.16862,1800,0.000003,0.000003,6,0.333333,1,0.002552,,,60016437
280,,,3,1,usa,United States,NA,1,1,8,8,16,11,11,22,10,0.243735,0.265692,63.725488,0.003517,0.003517,23,0.714286,20,0.022405,,,60016619
281,,,5,5,jpn,Japan,AS,1,1,13,13,26,15,15,30,9,0.321429,0.355189,1568.288899,0.037926,0.037926,18,0.269231,21,0.132942,,,60016648
282,,,1,4,gbr,United Kingdom,EU,1,1,2,2,4,2,2,4,10,0.239476,0.254838,0,0.002394,0.002394,17,1,1,0.008866,,,60016726
283,,,7,10,usa,United States,NA,1,1,19,19,38,27,27,54,8,0.345757,0.386072,1560.308743,0.103825,0.103825,12,0.315789,54,0.322013,,,60016782
284,,,14,26,can,Canada,NA,1,1,27,27,54,36,36,72,7,0.359571,0.403277,8447.673215,0.107412,0.107412,6,0.188034,66,0.347169,,University of Toronto,60016849
285,Universität Heidelberg,,34,12,deu,Germany,EU,1,1,34,34,68,126,126,252,9,0.371305,0.424316,9446.012262,0.158557,0.158557,20,0.180036,101,0.494012,,Universität Heidelberg,60016908
286,,,4,8,twn,Taiwan,AS,1,1,9,9,18,9,9,18,8,0.252407,0.275103,5706.202372,0.002362,0.002362,16,0.222222,8,0.017512,,,60016969
287,,,5,12,deu,Germany,EU,1,1,8,8,16,8,8,16,9,0.322632,0.355244,825.217448,0.046095,0.046095,20,0.321429,9,0.1451,,,60017059
288,,,2,2,deu,Germany,EU,1,1,2,2,4,2,2,4,11,0.195209,0.206784,0,0.000183,0.000183,25,1,1,0.003159,,,60017134
289,National University of Singapore,,11,24,sgp,Singapore,AS,1,1,13,13,26,18,18,36,8,0.330411,0.362495,2198.484852,0.052667,0.052667,6,0.269231,21,0.169961,,,60017161
290,,,2,6,deu,Germany,EU,1,1,4,4,8,4,4,8,9,0.299702,0.324758,0,0.034581,0.034581,20,1,6,0.102359,,,60017246
291,,,2,7,ita,Italy,EU,1,1,3,3,6,3,3,6,10,0.268119,0.286706,602,0.006425,0.006425,17,0.333333,1,0.021633,,,60017293
292,,,2,3,gbr,United Kingdom,EU,1,1,2,2,4,2,2,4,10,0.240815,0.255213,602,0.001506,0.001506,1,0,0,0.00676,,,60017317
293,,,1,2,jpn,Japan,AS,1,1,2,2,4,2,2,4,10,0.233179,0.245918,0,0.001032,0.001032,18,1,1,0.004493,,,60017391
294,,,1,1,fra,France,EU,1,1,3,3,6,3,3,6,10,0.271377,0.293671,0,0.011996,0.011996,17,1,3,0.039856,,,60017438
295,,,1,1,dnk,Denmark,EU,18,18,1,1,2,1,1,2,1,1,1,0,0,0,34,0,0,0.000598,,,60017480
296,,,1,1,gbr,United Kingdom,EU,1,1,3,3,6,3,3,6,10,0.25,0.268278,0,0.004819,0.004819,17,1,3,0.016322,,,60017488
297,,,1,2,gbr,United Kingdom,EU,1,1,3,3,6,3,3,6,9,0.288103,0.311242,0,0.01719,0.01719,12,1,3,0.054146,,,60017498
298,,,3,5,isr,Israel,AS,1,1,3,3,6,4,4,8,10,0.246929,0.263394,73.464959,0.001918,0.001918,1,0.333333,1,0.009478,,,60017563
299,,,2,3,usa,United States,NA,1,1,4,4,8,4,4,8,10,0.270161,0.292996,602,0.010329,0.010329,13,0.5,3,0.033279,,,60017672
300,National Institute of Child Health and Human Development,,27,35,usa,United States,NA,1,1,42,42,84,53,53,106,8,0.3831,0.437841,17217.181364,0.155523,0.155523,13,0.108014,93,0.503296,,National Institute of Child Health and Human Development,60017777
301,,,1,1,ita,Italy,EU,1,1,6,6,12,6,6,12,8,0.282436,0.306667,0,0.019774,0.019774,12,1,15,0.066721,,,60017905
302,,,12,8,fra,France,EU,1,1,21,21,42,25,25,50,8,0.333702,0.375679,3915.816626,0.066217,0.066217,16,0.185714,39,0.220245,,,60017969
303,,,1,1,usa,United States,NA,1,1,2,2,4,2,2,4,11,0.221854,0.234555,0,0.000837,0.000837,23,1,1,0.0039,,,60017994
304,,,3,5,usa,United States,NA,1,1,4,4,8,6,6,12,10,0.221041,0.235573,44.898506,0.000862,0.000862,24,0.333333,2,0.006295,,,60018179
305,,,1,1,usa,United States,NA,1,1,3,3,6,3,3,6,9,0.291586,0.313951,0,0.022011,0.022011,20,1,3,0.066132,,,60018208
306,,,4,4,nor,Norway,EU,10,10,3,3,6,5,5,10,2,0.8,0.875,3,0,0,14,0.333333,1,0.002162,,,60018382
307,,,2,3,swe,Sweden,EU,1,1,2,2,4,3,3,6,10,0.159313,0.167376,0,0.000003,0.000003,6,1,1,0.001929,,,60018462
308,,,1,3,can,Canada,NA,1,1,3,3,6,3,3,6,8,0.260475,0.278198,0,0.005716,0.005716,6,1,3,0.021131,,,60018471
309,,,1,2,deu,Germany,EU,1,1,2,2,4,2,2,4,10,0.231478,0.24544,0,0.001482,0.001482,13,1,1,0.005964,,,60018525
310,,,1,1,usa,United States,NA,1,1,2,2,4,2,2,4,9,0.248865,0.263362,0,0.00321,0.00321,6,1,1,0.010673,,,60018573
311,,,2,2,usa,United States,NA,1,1,2,2,4,2,2,4,9,0.276606,0.294741,602,0.009414,0.009414,20,0,0,0.028151,,,60018926
312,,,1,1,can,Canada,NA,1,1,1,1,2,1,1,2,8,0.212623,0.22224,0,0.000499,0.000499,6,0,0,0.002786,,,60019000
313,,,2,4,usa,United States,NA,1,1,3,3,6,3,3,6,9,0.278265,0.298946,85.227326,0.009739,0.009739,16,0.333333,1,0.031888,,,60019012
314,,,1,5,dnk,Denmark,EU,19,19,1,1,2,1,1,2,1,1,1,0,0,0,22,0,0,0.000598,,,60019160
315,,,1,1,fra,France,EU,1,1,2,2,4,2,2,4,9,0.255834,0.271307,0,0.003361,0.003361,18,1,1,0.012421,,,60019163
316,,,1,1,nld,Netherlands,EU,1,1,2,2,4,2,2,4,8,0.215974,0.228098,0,0.000562,0.000562,6,1,1,0.004366,,,60019205
317,,,8,6,jpn,Japan,AS,1,1,21,21,42,31,31,62,9,0.319048,0.360638,2090.893709,0.056221,0.056221,18,0.280952,59,0.204289,,,60019226
318,,,1,1,usa,United States,NA,1,1,2,2,4,2,2,4,10,0.265639,0.283279,0,0.008881,0.008881,20,1,1,0.027396,,,60019289
319,,,2,4,bel,Belgium,EU,1,1,5,5,10,5,5,10,10,0.264011,0.286031,602,0.006611,0.006611,16,0.6,6,0.027238,,,60019342
320,,,1,4,usa,United States,NA,1,1,3,3,6,3,3,6,9,0.297044,0.322326,0,0.030392,0.030392,13,1,3,0.09208,,,60019356
321,,,6,9,usa,United States,NA,1,1,15,15,30,19,19,38,8,0.316203,0.350417,701.811117,0.060753,0.060753,12,0.438095,46,0.195409,,,60019674
322,,,1,1,deu,Germany,EU,1,1,2,2,4,2,2,4,9,0.245022,0.260551,0,0.002674,0.002674,1,1,1,0.010361,,,60019722
323,,,1,2,bel,Belgium,EU,1,1,6,6,12,6,6,12,9,0.266225,0.287891,0,0.007608,0.007608,16,1,15,0.031861,,,60019793
324,,,2,3,nld,Netherlands,EU,1,1,2,2,4,3,3,6,9,0.269437,0.28778,0,0.00694,0.00694,20,1,1,0.022299,,,60019816
325,,,1,1,jpn,Japan,AS,1,1,3,3,6,3,3,6,10,0.225421,0.239245,0,0.000762,0.000762,13,1,3,0.005446,,,60019823
326,,,3,3,usa,United States,NA,1,1,2,2,4,3,3,6,10,0.240431,0.25607,1363.108585,0.001668,0.001668,18,0,0,0.007172,,,60019909
327,,,1,1,usa,United States,NA,1,1,1,1,2,1,1,2,10,0.239476,0.253499,0,0.001663,0.001663,18,0,0,0.006236,,,60019986
328,,,1,2,deu,Germany,EU,1,1,1,1,2,1,1,2,11,0.218241,0.23003,0,0.000946,0.000946,17,0,0,0.003434,,,60020306
329,,,2,6,fra,France,EU,20,20,2,2,4,2,2,4,1,1,1,1,0,0,36,0,0,0.001212,,,60020315
330,Max Planck Institute for Developmental Biology,,74,84,deu,Germany,EU,1,1,69,69,138,204,204,408,8,0.414433,0.482589,22983.208978,0.276448,0.276448,20,0.108269,254,0.869419,,Max Planck Institute for Developmental Biology,60020329
331,,,1,2,usa,United States,NA,21,21,1,1,2,1,1,2,1,1,1,0,0,0,15,0,0,0.000598,,,60020418
332,,,1,1,usa,United States,NA,1,1,1,1,2,1,1,2,11,0.201605,0.211282,0,0.00015,0.00015,24,0,0,0.001505,,,60020420
333,,,1,1,che,Switzerland,EU,1,1,1,1,2,1,1,2,10,0.270889,0.289829,0,0.008148,0.008148,20,0,0,0.024601,,,60020486
334,,,3,1,usa,United States,NA,1,1,5,5,10,6,6,12,9,0.312597,0.341069,2396,0.030124,0.030124,20,0.6,6,0.095548,,,60020547
335,,,1,2,jpn,Japan,AS,1,1,3,3,6,3,3,6,9,0.248455,0.267271,0,0.002994,0.002994,18,1,3,0.014971,,,60020559
336,,,1,1,usa,United States,NA,1,1,3,3,6,3,3,6,10,0.235088,0.249582,0,0.002045,0.002045,13,1,3,0.008313,,,60020567
337,,,1,2,usa,United States,NA,1,1,2,2,4,2,2,4,10,0.246223,0.261226,0,0.003674,0.003674,20,1,1,0.011603,,,60020569
338,,,1,4,gbr,United Kingdom,EU,1,1,1,1,2,1,1,2,10,0.233179,0.246009,0,0.001345,0.001345,17,0,0,0.004821,,,60020623
339,,,1,3,usa,United States,NA,1,1,1,1,2,1,1,2,10,0.257362,0.274268,0,0.005039,0.005039,20,0,0,0.015615,,,60020631
340,,,1,2,usa,United States,NA,1,1,2,2,4,2,2,4,9,0.200666,0.210184,0,0.000177,0.000177,12,1,1,0.002322,,,60020633
341,,,1,1,deu,Germany,EU,1,1,1,1,2,1,1,2,11,0.219432,0.23279,0,0.000626,0.000626,25,0,0,0.003572,,,60020952
342,,,1,1,jpn,Japan,AS,1,1,3,3,6,3,3,6,10,0.258576,0.278608,0,0.007609,0.007609,18,1,3,0.029534,,,60021116
343,,,3,2,jpn,Japan,AS,1,1,7,7,14,10,10,20,9,0.27459,0.300715,68.491171,0.013176,0.013176,18,0.47619,10,0.052622,,,60021120
344,,,1,1,usa,United States,NA,21,21,1,1,2,1,1,2,1,1,1,0,0,0,15,0,0,0.000598,,,60021143
345,,,2,1,ita,Italy,EU,1,1,7,7,14,8,8,16,9,0.284568,0.309367,90.583213,0.016907,0.016907,1,0.571429,12,0.058501,,,60021199
346,,,1,5,nor,Norway,EU,1,1,2,2,4,2,2,4,11,0.198682,0.208558,0,0.00019,0.00019,27,1,1,0.002194,,,60021255
347,,,1,1,usa,United States,NA,1,1,3,3,6,3,3,6,10,0.245521,0.263362,0,0.003777,0.003777,24,1,3,0.014811,,,60021334
348,,,1,1,usa,United States,NA,1,1,3,3,6,3,3,6,10,0.253255,0.269929,0,0.003175,0.003175,24,1,3,0.012704,,,60021439
349,,,3,4,fra,France,EU,1,1,5,5,10,5,5,10,9,0.223085,0.240098,1013.276681,0.000493,0.000493,16,0.2,2,0.006954,,,60021488
350,,,1,1,usa,United States,NA,1,1,2,2,4,2,2,4,9,0.260138,0.276586,0,0.006366,0.006366,20,1,1,0.01908,,,60021497
351,,,1,4,usa,United States,NA,1,1,1,1,2,1,1,2,10,0.240048,0.253724,0,0.002635,0.002635,12,0,0,0.008104,,,60021508
352,,,2,2,usa,United States,NA,1,1,1,1,2,2,2,4,10,0.239191,0.252626,0,0.001318,0.001318,24,0,0,0.005186,,,60021519
353,,,2,1,jpn,Japan,AS,1,1,4,4,8,6,6,12,9,0.286597,0.30909,0,0.012329,0.012329,18,1,6,0.045923,,,60021523
354,,,1,1,usa,United States,NA,1,1,2,2,4,2,2,4,10,0.264938,0.282919,0,0.006471,0.006471,24,1,1,0.020498,,,60021566
355,,,4,4,usa,United States,NA,1,1,7,7,14,7,7,14,9,0.283232,0.308316,1470.769219,0.011312,0.011312,24,0.190476,4,0.039645,,,60021568
356,,,1,1,prt,Portugal,EU,1,1,3,3,6,3,3,6,9,0.272112,0.293004,0,0.010064,0.010064,1,1,3,0.033834,,,60021696
357,,,1,2,gbr,United Kingdom,EU,1,1,1,1,2,1,1,2,11,0.178614,0.187046,0,0.000022,0.000022,16,0,0,0.001154,,,60021722
358,,,1,1,usa,United States,NA,1,1,5,5,10,5,5,10,9,0.297337,0.322077,0,0.025584,0.025584,13,1,10,0.079439,,,60021784
359,,,1,2,chn,China,AS,1,1,2,2,4,2,2,4,10,0.213527,0.224826,0,0.000351,0.000351,18,1,1,0.003146,,,60021836
360,,,7,9,usa,United States,NA,1,1,7,7,14,9,9,18,10,0.266814,0.291018,1625.754022,0.006085,0.006085,24,0.095238,2,0.025777,,,60021918
361,,,1,2,jpn,Japan,AS,1,1,2,2,4,2,2,4,9,0.249689,0.267473,0,0.003307,0.003307,18,1,1,0.01395,,,60022015
362,,,1,2,usa,United States,NA,1,1,3,3,6,3,3,6,11,0.19296,0.202399,0,0.000089,0.000089,3,1,3,0.002861,,,60022064
363,,,2,2,swe,Sweden,EU,1,1,10,10,20,10,10,20,9,0.318542,0.351268,1365.292727,0.041969,0.041969,16,0.466667,21,0.138246,,,60022068
364,,,1,1,twn,Taiwan,AS,1,1,2,2,4,2,2,4,9,0.200266,0.20985,0,0.000125,0.000125,16,1,1,0.002147,,,60022095
365,,,1,2,gbr,United Kingdom,EU,1,1,1,1,2,1,1,2,10,0.243636,0.259323,0,0.003165,0.003165,17,0,0,0.010203,,,60022106
366,,,18,24,gbr,United Kingdom,EU,1,1,26,26,52,37,37,74,9,0.365455,0.411878,5274.820779,0.118285,0.118285,17,0.187692,61,0.383159,,UCL,60022148
367,Massachusetts Institute of Technology,,17,23,usa,United States,NA,1,1,27,27,54,52,52,104,8,0.364791,0.411085,7129.841503,0.126222,0.126222,20,0.176638,62,0.395958,,Massachusetts Institute of Technology,60022195
368,,,3,8,nld,Netherlands,EU,1,1,7,7,14,9,9,18,9,0.267287,0.289853,89.794136,0.007711,0.007711,16,0.761905,16,0.033003,,,60022265
369,,,1,1,fra,France,EU,22,22,2,2,4,2,2,4,1,1,1,0,0,0,39,1,1,0.001423,,,60022368
370,,,2,1,che,Switzerland,EU,1,1,3,3,6,3,3,6,9,0.277752,0.297229,7.575325,0.011363,0.011363,20,0.333333,1,0.034227,,,60022410
371,,,2,3,kor,Korea,AS,1,1,3,3,6,4,4,8,10,0.225421,0.239245,0,0.000762,0.000762,13,1,3,0.005446,,,60022417
372,,,1,1,usa,United States,NA,1,1,1,1,2,1,1,2,8,0.223168,0.234769,0,0.000876,0.000876,12,0,0,0.003719,,,60022462
373,,,1,2,usa,United States,NA,1,1,1,1,2,1,1,2,10,0.259578,0.277087,0,0.004936,0.004936,17,0,0,0.016484,,,60022590
374,,,1,1,usa,United States,NA,1,1,2,2,4,2,2,4,9,0.293288,0.315581,0,0.014975,0.014975,20,1,1,0.046112,,,60022600
375,,,5,24,deu,Germany,EU,1,1,11,11,22,13,13,26,9,0.333333,0.370529,385.143642,0.083476,0.083476,20,0.527273,29,0.252848,,,60022653
376,,,11,19,usa,United States,NA,1,1,21,21,42,27,27,54,9,0.344571,0.387334,2359.886339,0.092235,0.092235,12,0.204762,43,0.291226,,,60022756
377,,,3,4,usa,United States,NA,1,1,4,4,8,4,4,8,11,0.195716,0.207463,874.675714,0.000093,0.000093,6,0.166667,1,0.003202,,,60022944
378,,,1,1,usa,United States,NA,1,1,2,2,4,2,2,4,9,0.256378,0.274643,0,0.004768,0.004768,24,1,1,0.017023,,,60023187
379,,,1,2,deu,Germany,EU,1,1,1,1,2,1,1,2,10,0.197575,0.207197,0,0.000132,0.000132,1,0,0,0.001619,,,60023208
380,,,3,7,usa,United States,NA,1,1,4,4,8,4,4,8,10,0.265522,0.285269,849.049292,0.00653,0.00653,24,0.166667,1,0.021911,,,60023222
381,,,2,3,jpn,Japan,AS,1,1,4,4,8,4,4,8,9,0.247842,0.266967,602,0.003316,0.003316,18,0.5,3,0.016727,,,60023462
382,,,13,16,gbr,United Kingdom,EU,1,1,23,23,46,32,32,64,9,0.345955,0.389324,5589.074398,0.078908,0.078908,17,0.197628,50,0.270101,,,60023477
383,,,3,8,twn,Taiwan,AS,1,1,6,6,12,7,7,14,9,0.202145,0.21691,1202.666667,0.000144,0.000144,16,0.4,6,0.006783,,,60023529
384,,,1,1,che,Switzerland,EU,1,1,3,3,6,3,3,6,10,0.250207,0.268251,0,0.004149,0.004149,1,1,3,0.016116,,,60023588
385,,,1,1,sgp,Singapore,AS,1,1,1,1,2,1,1,2,9,0.248455,0.261218,0,0.002706,0.002706,6,0,0,0.008962,,,60023617
386,,,1,1,nor,Norway,EU,1,1,1,1,2,1,1,2,13,0.142519,0.147639,0,0.000001,0.000001,27,0,0,0.000818,,,60023659
387,University of California San Francisco,,26,26,usa,United States,NA,1,1,38,38,76,52,52,104,9,0.368132,0.42426,8692.168806,0.163955,0.163955,13,0.147937,104,0.512432,,University of California San Francisco,60023691
388,,,2,3,gbr,United Kingdom,EU,1,1,2,2,4,2,2,4,9,0.245222,0.262857,64.322803,0.002749,0.002749,16,0,0,0.011699,,,60023998
389,,,8,8,deu,Germany,EU,1,1,19,19,38,22,22,44,8,0.324194,0.362191,8326.15129,0.049368,0.049368,1,0.157895,27,0.165474,,,60024007
390,,,14,9,deu,Germany,EU,1,1,18,18,36,50,50,100,9,0.354289,0.395156,875.895156,0.130329,0.130329,20,0.457516,70,0.395163,,University of Cologne,60024025
391,,,1,1,deu,Germany,EU,1,1,4,4,8,4,4,8,9,0.29646,0.32122,0,0.025746,0.025746,12,1,6,0.078277,,,60024052
392,,,1,1,ita,Italy,EU,1,1,2,2,4,2,2,4,9,0.277241,0.29668,0,0.008425,0.008425,13,1,1,0.027688,,,60024053
393,,,1,4,jpn,Japan,AS,1,1,2,2,4,2,2,4,10,0.233179,0.245918,0,0.001032,0.001032,18,1,1,0.004493,,,60024125
394,,,8,33,jpn,Japan,AS,1,1,20,20,40,26,26,52,9,0.315707,0.356603,2735.445978,0.045235,0.045235,18,0.2,38,0.163183,,,60024322
395,,,2,2,usa,United States,NA,1,1,4,4,8,4,4,8,10,0.246828,0.265554,155.158774,0.002037,0.002037,24,0.333333,2,0.010979,,,60024324
396,,,4,7,usa,United States,NA,1,1,6,6,12,6,6,12,9,0.280465,0.304226,644.889632,0.016737,0.016737,6,0.2,3,0.055359,,,60024399
397,,,1,2,fra,France,EU,1,1,4,4,8,4,4,8,9,0.269557,0.289798,0,0.009739,0.009739,16,1,6,0.032323,,,60024400
398,,,13,17,usa,United States,NA,1,1,27,27,54,33,33,66,8,0.364791,0.410201,3606.23954,0.134729,0.134729,12,0.216524,76,0.431368,,NYU School of Medicine,60024541
399,,,2,1,nzl,New Zealand,OC,11,11,2,2,4,4,4,8,1,1,1,0,0,0,19,1,1,0.001423,,,60024594
400,,,5,2,usa,United States,NA,1,1,7,7,14,13,13,26,10,0.243636,0.264863,18.721999,0.003467,0.003467,23,0.857143,18,0.021375,,,60024609
401,,,8,11,usa,United States,NA,1,1,14,14,28,15,15,30,9,0.338004,0.373984,1369.84964,0.074775,0.074775,20,0.307692,28,0.233381,,,60024613
402,,,2,7,deu,Germany,EU,1,1,3,3,6,3,3,6,9,0.241877,0.257357,32.718423,0.00263,0.00263,13,0.333333,1,0.010151,,,60024629
403,,,3,9,fra,France,EU,1,1,4,4,8,4,4,8,7,0.272851,0.29159,1390.046484,0.006145,0.006145,6,0.166667,1,0.022318,,,60024652
404,,,1,1,deu,Germany,EU,1,1,3,3,6,3,3,6,9,0.301802,0.327162,0,0.027771,0.027771,13,1,3,0.085425,,,60024654
405,,,1,2,jpn,Japan,AS,1,1,2,2,4,2,2,4,9,0.262402,0.281451,0,0.004976,0.004976,13,1,1,0.020395,,,60024705
406,,,1,2,usa,United States,NA,1,1,4,4,8,4,4,8,9,0.28728,0.31014,0,0.021325,0.021325,12,1,6,0.064996,,,60024746
407,,,1,1,jpn,Japan,AS,1,1,4,4,8,4,4,8,9,0.303015,0.329129,0,0.023607,0.023607,1,1,6,0.074653,,,60024973
408,,,1,2,usa,United States,NA,15,15,2,2,4,2,2,4,1,1,1,0,0,0,21,1,1,0.001423,,,60024978
409,,,1,6,jpn,Japan,AS,1,1,1,1,2,1,1,2,10,0.245321,0.260567,0,0.002345,0.002345,13,0,0,0.008895,,,60025017
410,,,5,13,esp,Spain,EU,1,1,4,4,8,7,7,14,10,0.228323,0.243142,1800.5,0.000941,0.000941,24,0.333333,2,0.006018,,,60025028
411,,,1,4,aus,Australia,OC,1,1,1,1,2,1,1,2,10,0.267762,0.284771,0,0.006078,0.006078,17,0,0,0.019415,,,60025029
412,,,5,10,usa,United States,NA,1,1,15,15,30,16,16,32,8,0.311789,0.345967,1283.700982,0.042492,0.042492,12,0.380952,40,0.143063,,,60025038
413,,,2,3,bel,Belgium,EU,1,1,10,10,20,10,10,20,9,0.283232,0.310472,573.62755,0.013541,0.013541,16,0.466667,21,0.055364,,,60025063
414,,,1,1,jpn,Japan,AS,1,1,1,1,2,1,1,2,9,0.226097,0.237377,0,0.00087,0.00087,6,0,0,0.003806,,,60025141
415,,,1,1,usa,United States,NA,1,1,2,2,4,2,2,4,12,0.172089,0.180115,0,0.000012,0.000012,6,1,1,0.001786,,,60025152
416,,,1,1,hun,Hungary,EU,1,1,1,1,2,1,1,2,11,0.19414,0.201824,0,0.000077,0.000077,1,0,0,0.000962,,,60025187
417,,,4,8,gbr,United Kingdom,EU,1,1,5,5,10,6,6,12,10,0.217376,0.233676,884.156639,0.000424,0.000424,16,0.2,2,0.005946,,,60025225
418,,,1,6,jpn,Japan,AS,23,23,1,1,2,1,1,2,1,1,1,0,0,0,30,0,0,0.000598,,,60025252
419,,,17,30,jpn,Japan,AS,1,1,30,30,60,47,47,94,8,0.32861,0.374076,8156.532407,0.051194,0.051194,18,0.131034,57,0.194513,,University of Tokyo,60025272
420,,,1,1,chn,China,AS,1,1,1,1,2,1,1,2,10,0.219113,0.229978,0,0.00086,0.00086,6,0,0,0.003383,,,60025278
421,,,1,1,jpn,Japan,AS,1,1,1,1,2,1,1,2,9,0.267406,0.284242,0,0.006486,0.006486,20,0,0,0.019878,,,60025325
422,,,13,12,usa,United States,NA,1,1,25,25,50,29,29,58,9,0.359142,0.40483,6062.719958,0.119402,0.119402,20,0.183333,55,0.373674,,University of Utah,60025488
423,,,5,9,deu,Germany,EU,1,1,7,7,14,7,7,14,9,0.288517,0.314646,748.606746,0.016169,0.016169,18,0.142857,3,0.055233,,,60025525
424,,,1,1,dnk,Denmark,EU,19,19,1,1,2,1,1,2,1,1,1,0,0,0,22,0,0,0.000598,,,60025543
425,,,1,2,usa,United States,NA,1,1,3,3,6,3,3,6,9,0.294434,0.319783,0,0.017674,0.017674,18,1,3,0.059641,,,60025553
426,,,20,15,deu,Germany,EU,1,1,29,29,58,49,49,98,9,0.367907,0.416024,5306.89362,0.125186,0.125186,13,0.179803,73,0.407684,,Universität Freiburg im Breisgau,60025641
427,,,5,4,usa,United States,NA,1,1,8,8,16,14,14,28,10,0.243735,0.265692,63.725488,0.003517,0.003517,23,0.714286,20,0.022405,,,60025643
428,,,2,2,usa,United States,NA,1,1,2,2,4,2,2,4,10,0.259914,0.278193,25.066125,0.004718,0.004718,25,0,0,0.016174,,,60025685
429,,,1,1,twn,Taiwan,AS,1,1,2,2,4,2,2,4,9,0.200266,0.20985,0,0.000125,0.000125,16,1,1,0.002147,,,60025712
430,,,24,31,usa,United States,NA,1,1,28,28,56,39,39,78,9,0.344768,0.391342,8772.845523,0.07813,0.07813,24,0.10582,40,0.259406,,University of Michigan Ann Arbor,60025778
431,,,1,1,usa,United States,NA,1,1,6,6,12,6,6,12,9,0.296898,0.323708,0,0.035627,0.035627,13,1,15,0.107672,,,60025843
432,,,12,21,che,Switzerland,EU,1,1,12,12,24,19,19,38,10,0.280988,0.311665,2607.082007,0.01218,0.01218,25,0.181818,12,0.048154,,,60025858
433,,,3,2,aut,Austria,EU,1,1,5,5,10,6,6,12,9,0.249071,0.268622,550.410059,0.00298,0.00298,1,0.4,4,0.014603,,,60025988
434,,,5,5,jpn,Japan,AS,1,1,9,9,18,16,16,32,8,0.295443,0.32408,369.945461,0.019112,0.019112,18,0.444444,16,0.074633,,,60025997
435,,,1,4,fra,France,EU,1,1,1,1,2,1,1,2,10,0.245721,0.260219,0,0.002459,0.002459,6,0,0,0.008502,,,60026067
436,,,1,1,nld,Netherlands,EU,1,1,3,3,6,3,3,6,10,0.226266,0.24189,0,0.001075,0.001075,16,1,3,0.007215,,,60026125
437,,,1,4,gbr,United Kingdom,EU,1,1,2,2,4,2,2,4,9,0.281513,0.302125,0,0.012954,0.012954,17,1,1,0.039535,,,60026158
438,,,7,8,usa,United States,NA,1,1,15,15,30,18,18,36,9,0.326829,0.364808,1203.638076,0.066055,0.066055,13,0.314286,33,0.210208,,,60026209
439,,,10,16,usa,United States,NA,1,1,14,14,28,16,16,32,9,0.312597,0.347813,3127.696895,0.025816,0.025816,24,0.10989,10,0.098066,,,60026415
440,,,3,1,hun,Hungary,EU,1,1,3,3,6,5,5,10,10,0.262516,0.280736,0,0.004818,0.004818,18,1,3,0.017965,,,60026434
441,Children's Hospital At Westmead,,1,1,aus,Australia,OC,1,1,6,6,12,6,6,12,9,0.276099,0.298887,0,0.016252,0.016252,12,1,15,0.054689,,,60026571
442,,,1,3,usa,United States,NA,1,1,4,4,8,4,4,8,9,0.287143,0.309971,0,0.019784,0.019784,13,1,6,0.060792,,,60026695
443,,,6,11,gbr,United Kingdom,EU,1,1,13,13,26,16,16,32,9,0.314554,0.35019,1432.803798,0.044203,0.044203,17,0.294872,23,0.144193,,,60026712
444,,,2,3,fra,France,EU,1,1,4,4,8,4,4,8,8,0.222591,0.237475,61.76811,0.00097,0.00097,6,0.333333,2,0.00705,,,60026803
445,,,7,6,usa,United States,NA,1,1,17,17,34,17,17,34,9,0.322978,0.358893,4035.582397,0.042819,0.042819,12,0.161765,22,0.14766,,,60026827
446,,,1,2,usa,United States,NA,1,1,3,3,6,3,3,6,7,0.24866,0.266793,0,0.004413,0.004413,12,1,3,0.017666,,,60026839
447,,,1,1,gbr,United Kingdom,EU,1,1,1,1,2,1,1,2,9,0.293145,0.314752,0,0.014206,0.014206,20,0,0,0.043424,,,60026851
448,,,1,6,fra,France,EU,22,22,2,2,4,2,2,4,1,1,1,0,0,0,39,1,1,0.001423,,,60026877
449,,,1,1,aut,Austria,EU,1,1,1,1,2,1,1,2,10,0.267762,0.284771,0,0.006078,0.006078,17,0,0,0.019415,,,60026929
450,,,1,2,jpn,Japan,AS,1,1,1,1,2,1,1,2,10,0.254216,0.272085,0,0.004328,0.004328,18,0,0,0.016025,,,60026940
451,,,2,2,can,Canada,NA,1,1,4,4,8,4,4,8,8,0.31871,0.345497,4.492221,0.038836,0.038836,20,0.833333,5,0.120354,,,60027016
452,,,1,3,usa,United States,NA,1,1,1,1,2,1,1,2,10,0.229714,0.24302,0,0.001481,0.001481,23,0,0,0.005899,,,60027053
453,,,1,2,swe,Sweden,EU,1,1,2,2,4,2,2,4,9,0.188851,0.19921,0,0.000063,0.000063,6,1,1,0.002509,,,60027152
454,,,2,1,usa,United States,NA,1,1,1,1,2,2,2,4,9,0.293145,0.314752,0,0.014206,0.014206,20,0,0,0.043424,,,60027165
455,,,1,1,swe,Sweden,EU,1,1,1,1,2,1,1,2,10,0.159145,0.166049,0,0.000003,0.000003,6,0,0,0.001082,,,60027235
456,,,2,3,fra,France,EU,1,1,4,4,8,4,4,8,9,0.283631,0.305244,2396,0.01094,0.01094,1,0.5,3,0.037631,,,60027245
457,,,4,2,esp,Spain,EU,1,1,7,7,14,8,8,16,9,0.294146,0.320782,133.942342,0.028438,0.028438,12,0.333333,7,0.087592,,,60027282
458,,,3,8,deu,Germany,EU,1,1,8,8,16,8,8,16,9,0.3,0.329678,1017.977592,0.02621,0.02621,13,0.285714,8,0.083813,,,60027314
459,,,2,4,ita,Italy,EU,24,24,1,1,2,2,2,4,1,1,1,0,0,0,29,0,0,0.000598,,,60027509
460,,,5,7,usa,United States,NA,1,1,12,12,24,13,13,26,9,0.330592,0.36583,573.290392,0.061816,0.061816,18,0.439394,29,0.201933,,,60027550
461,,,1,2,usa,United States,NA,1,1,1,1,2,1,1,2,10,0.269196,0.289126,0,0.008425,0.008425,13,0,0,0.025652,,,60027561
462,,,1,1,jpn,Japan,AS,1,1,2,2,4,2,2,4,10,0.199339,0.210109,0,0.00017,0.00017,18,1,1,0.002562,,,60027598
463,,,3,8,usa,United States,NA,9,9,3,3,6,3,3,6,1,1,1,3,0,0,26,0,0,0.001842,,,60027671
464,,,1,2,usa,United States,NA,1,1,6,6,12,6,6,12,9,0.296898,0.323708,0,0.035627,0.035627,13,1,15,0.107672,,,60027954
465,,,1,1,jpn,Japan,AS,1,1,1,1,2,1,1,2,10,0.245321,0.260567,0,0.002345,0.002345,13,0,0,0.008895,,,60027970
466,,,1,1,jpn,Japan,AS,1,1,1,1,2,1,1,2,8,0.214438,0.223417,0,0.000316,0.000316,6,0,0,0.001788,,,60028088
467,,,1,2,usa,United States,NA,1,1,1,1,2,1,1,2,10,0.216751,0.225682,0,0.000484,0.000484,20,0,0,0.001854,,,60028179
468,,,1,1,ita,Italy,EU,1,1,2,2,4,2,2,4,10,0.263204,0.282505,0,0.006439,0.006439,1,1,1,0.022627,,,60028218
469,,,8,5,deu,Germany,EU,1,1,8,8,16,12,12,24,10,0.242363,0.265143,963.693651,0.00266,0.00266,25,0.357143,10,0.01746,,,60028229
470,,,3,5,hun,Hungary,EU,1,1,3,3,6,4,4,8,10,0.230681,0.245531,625.939016,0.001024,0.001024,16,0.333333,1,0.006289,,,60028235
471,,,3,3,jpn,Japan,AS,1,1,10,10,20,11,11,22,10,0.28907,0.319569,94.434791,0.025207,0.025207,18,0.6,27,0.093733,,,60028263
472,,,1,1,fra,France,EU,1,1,2,2,4,2,2,4,8,0.215974,0.22636,0,0.000366,0.000366,6,1,1,0.002926,,,60028311
473,,,7,5,gbr,United Kingdom,EU,1,1,11,11,22,15,15,30,9,0.326299,0.361214,5408.5092,0.067818,0.067818,20,0.327273,18,0.208668,,,60028377
474,,,1,2,usa,United States,NA,1,1,1,1,2,1,1,2,10,0.271989,0.291073,0,0.008568,0.008568,20,0,0,0.025905,,,60028507
475,,,4,7,usa,United States,NA,1,1,4,4,8,5,5,10,10,0.245222,0.26431,223.468782,0.001824,0.001824,24,0.166667,1,0.010671,,,60028548
476,,,11,16,jpn,Japan,AS,1,1,21,21,42,36,36,72,8,0.333149,0.37361,3370.167105,0.055501,0.055501,18,0.233333,49,0.202803,,,60028586
477,,,1,4,usa,United States,NA,1,1,1,1,2,1,1,2,10,0.256487,0.273688,0,0.004015,0.004015,24,0,0,0.014066,,,60028590
478,,,2,3,usa,United States,NA,1,1,7,7,14,7,7,14,9,0.320064,0.350103,16.276297,0.055132,0.055132,12,0.857143,18,0.16785,,,60028628
479,,,1,1,fra,France,EU,1,1,2,2,4,2,2,4,11,0.181463,0.189125,0,0.000031,0.000031,1,1,1,0.001852,,,60028634
480,,,1,4,fin,Finland,EU,12,12,2,2,4,2,2,4,1,1,1,0,0,0,28,1,1,0.001423,,,60028704
481,,,1,1,deu,Germany,EU,1,1,3,3,6,3,3,6,10,0.271133,0.291488,0,0.009081,0.009081,20,1,3,0.028525,,,60028717
482,,,1,3,nld,Netherlands,EU,1,1,1,1,2,1,1,2,11,0.189325,0.197071,0,0.000073,0.000073,17,0,0,0.000996,,,60028803
483,,,1,1,fra,France,EU,1,1,6,6,12,6,6,12,8,0.316868,0.343511,0,0.031472,0.031472,6,1,15,0.103319,,,60028893
484,,,13,19,can,Canada,NA,1,1,21,21,42,30,30,60,8,0.348757,0.389112,2849.235741,0.09158,0.09158,6,0.233333,49,0.291443,,,60028897
485,,,1,1,grc,Greece,EU,1,1,1,1,2,1,1,2,10,0.259578,0.277087,0,0.004936,0.004936,17,0,0,0.016484,,,60028900
486,,,1,7,usa,United States,NA,1,1,3,3,6,3,3,6,8,0.243833,0.260394,0,0.0033,0.0033,12,1,3,0.013618,,,60028932
487,,,1,1,usa,United States,NA,1,1,3,3,6,3,3,6,10,0.27004,0.292167,0,0.010303,0.010303,13,1,3,0.032696,,,60028955
488,,,3,9,swe,Sweden,EU,1,1,4,4,8,4,4,8,11,0.198944,0.210769,2399,0.000191,0.000191,27,0.166667,1,0.003443,,,60029170
489,,,1,1,usa,United States,NA,1,1,1,1,2,1,1,2,9,0.267406,0.283855,0,0.006923,0.006923,12,0,0,0.021605,,,60029227
490,,,1,1,usa,United States,NA,1,1,1,1,2,1,1,2,10,0.239191,0.252626,0,0.001318,0.001318,24,0,0,0.005186,,,60029230
491,,,2,3,usa,United States,NA,1,1,4,4,8,4,4,8,10,0.248557,0.266813,383.844816,0.003758,0.003758,12,0.333333,2,0.013898,,,60029241
492,,,4,5,usa,United States,NA,1,1,5,5,10,7,7,14,9,0.307183,0.333855,663.708846,0.019884,0.019884,24,0.4,4,0.065538,,,60029251
493,,,1,1,kor,Korea,AS,1,1,2,2,4,2,2,4,9,0.278522,0.298891,0,0.008675,0.008675,13,1,1,0.029274,,,60029274
494,,,4,2,usa,United States,NA,1,1,7,7,14,9,9,18,8,0.303167,0.329134,39.830068,0.034586,0.034586,6,0.666667,14,0.109114,,,60029278
495,,,2,5,usa,United States,NA,1,1,3,3,6,3,3,6,10,0.262745,0.282118,63.885011,0.004895,0.004895,24,0.333333,1,0.018434,,,60029418
496,,,13,20,usa,United States,NA,1,1,13,13,26,16,16,32,9,0.314718,0.348863,5221.683876,0.032358,0.032358,18,0.089744,7,0.107741,,,60029445
497,,,2,1,deu,Germany,EU,1,1,7,7,14,14,14,28,9,0.330411,0.362624,0,0.069726,0.069726,20,1,21,0.210569,,,60029507
498,,,3,7,nor,Norway,EU,1,1,3,3,6,3,3,6,12,0.166161,0.174721,1203,0.00001,0.00001,27,0,0,0.002179,,,60029622
499,,,1,1,gbr,United Kingdom,EU,1,1,2,2,4,2,2,4,10,0.239476,0.254838,0,0.002394,0.002394,17,1,1,0.008866,,,60029850
500,Massachusetts General Hospital,,42,59,usa,United States,NA,1,1,61,61,122,123,123,246,8,0.401465,0.465342,16586.553294,0.256694,0.256694,13,0.139344,255,0.804986,,Massachusetts General Hospital,60029929
501,,,1,2,gbr,United Kingdom,EU,1,1,2,2,4,2,2,4,11,0.194767,0.204694,0,0.000074,0.000074,16,1,1,0.002184,,,60029950
502,,,2,1,usa,United States,NA,1,1,7,7,14,8,8,16,10,0.243636,0.264863,18.721999,0.003467,0.003467,23,0.857143,18,0.021375,,,60030112
503,,,2,2,jpn,Japan,AS,1,1,7,7,14,8,8,16,9,0.274216,0.299195,168.637681,0.009857,0.009857,18,0.619048,13,0.0431,,,60030206
504,,,3,5,ita,Italy,EU,1,1,5,5,10,8,8,16,9,0.3015,0.328075,243.386071,0.01909,0.01909,1,0.6,6,0.063409,,,60030318
505,,,13,17,can,Canada,NA,1,1,20,20,40,32,32,64,7,0.329688,0.366465,9875.229796,0.042326,0.042326,6,0.205263,39,0.149609,,,60030319
506,,,1,1,jpn,Japan,AS,1,1,2,2,4,2,2,4,10,0.237402,0.253313,0,0.001862,0.001862,18,1,1,0.008736,,,60030354
507,,,1,1,usa,United States,NA,1,1,2,2,4,2,2,4,9,0.254323,0.27094,0,0.003903,0.003903,16,1,1,0.01399,,,60030403
508,,,1,1,deu,Germany,EU,1,1,3,3,6,3,3,6,9,0.294721,0.31876,0,0.016988,0.016988,13,1,3,0.053345,,,60030465
509,,,1,1,gbr,United Kingdom,EU,1,1,3,3,6,3,3,6,10,0.225252,0.240173,0,0.00103,0.00103,23,1,3,0.008141,,,60030469
510,,,4,4,gbr,United Kingdom,EU,1,1,4,4,8,6,6,12,9,0.315707,0.344078,142.764171,0.035811,0.035811,20,0.666667,4,0.111841,,,60030480
511,Children's Hospital Boston,,24,43,usa,United States,NA,1,1,39,39,78,65,65,130,8,0.3831,0.436182,7295.525886,0.1905,0.1905,12,0.188934,140,0.593381,,Children's Hospital Boston,60030521
512,,,8,10,usa,United States,NA,1,1,14,14,28,17,17,34,9,0.324892,0.363204,3412.360194,0.066781,0.066781,12,0.241758,22,0.209085,,,60030612
513,,,2,5,can,Canada,NA,1,1,4,4,8,4,4,8,8,0.269678,0.289199,42.513861,0.009977,0.009977,6,0.666667,4,0.034611,,,60030616
514,,,6,5,deu,Germany,EU,1,1,12,12,24,13,13,26,9,0.337248,0.373072,1262.118998,0.067976,0.067976,18,0.242424,16,0.216727,,,60030619
515,,,1,1,usa,United States,NA,1,1,3,3,6,3,3,6,10,0.246223,0.263303,0,0.003853,0.003853,12,1,3,0.01356,,,60030769
516,,,1,2,jpn,Japan,AS,1,1,1,1,2,1,1,2,10,0.198682,0.208091,0,0.00017,0.00017,18,0,0,0.001608,,,60030788
517,,,6,6,can,Canada,NA,1,1,8,8,16,10,10,20,9,0.271255,0.294441,1537.67246,0.006481,0.006481,18,0.107143,3,0.027827,,,60030835
518,,,3,1,usa,United States,NA,1,1,3,3,6,5,5,10,10,0.258909,0.278718,9.693779,0.004579,0.004579,24,0.666667,2,0.017855,,,60030846
519,,,1,13,jpn,Japan,AS,1,1,3,3,6,3,3,6,10,0.248455,0.267773,0,0.003742,0.003742,18,1,3,0.017097,,,60030873
520,,,7,7,jpn,Japan,AS,1,1,17,17,34,19,19,38,9,0.310985,0.348615,2339.023081,0.034373,0.034373,18,0.183824,25,0.129932,,,60030888
521,,,2,3,jpn,Japan,AS,1,1,4,4,8,4,4,8,10,0.259021,0.280266,2396,0.007628,0.007628,18,0.5,3,0.030403,,,60030939
522,,,1,1,aus,Australia,OC,1,1,9,9,18,9,9,18,8,0.298811,0.32684,0,0.034379,0.034379,12,1,36,0.11331,,,60031004
523,,,4,7,swe,Sweden,EU,1,1,5,5,10,6,6,12,9,0.189206,0.202195,3587,0.000064,0.000064,6,0.2,2,0.004445,,,60031040
524,,,11,24,nld,Netherlands,EU,1,1,14,14,28,19,19,38,9,0.278908,0.308123,2209.785843,0.011,0.011,16,0.208791,19,0.047657,,,60031066
525,,,7,18,gbr,United Kingdom,EU,1,1,15,15,30,15,15,30,9,0.321943,0.360855,1657.957677,0.061595,0.061595,17,0.2,21,0.195742,,,60031101
526,,,1,3,jpn,Japan,AS,1,1,3,3,6,3,3,6,10,0.272727,0.29471,0,0.01246,0.01246,13,1,3,0.038929,,,60031126
527,,,1,1,usa,United States,NA,1,1,1,1,2,1,1,2,9,0.277114,0.295851,0,0.007992,0.007992,13,0,0,0.0258,,,60031138
528,,,1,1,grc,Greece,EU,1,1,2,2,4,2,2,4,9,0.276606,0.294741,0,0.009973,0.009973,20,1,1,0.029688,,,60031155
529,,,3,1,usa,United States,NA,1,1,8,8,16,10,10,20,9,0.289904,0.31782,203.162667,0.020142,0.020142,24,0.571429,16,0.070959,,,60031188
530,,,1,2,usa,United States,NA,25,25,1,1,2,1,1,2,1,1,1,0,0,0,41,0,0,0.000598,,,60031203
531,,,2,3,deu,Germany,EU,1,1,5,5,10,5,5,10,10,0.273345,0.296684,74.184679,0.014822,0.014822,17,0.4,4,0.046988,,,60031216
532,,,1,1,chn,China,AS,1,1,2,2,4,2,2,4,8,0.249793,0.266483,0,0.006083,0.006083,12,1,1,0.021162,,,60031419
533,,,1,1,deu,Germany,EU,1,1,2,2,4,2,2,4,10,0.268,0.285877,0,0.006408,0.006408,17,1,1,0.021077,,,60031514
534,,,6,8,usa,United States,NA,1,1,15,15,30,16,16,32,8,0.326652,0.362882,2727.231325,0.06189,0.06189,12,0.409524,43,0.200263,,,60031581
535,,,2,1,fra,France,EU,1,1,3,3,6,4,4,8,10,0.279037,0.300577,2.995469,0.012183,0.012183,20,0.666667,2,0.039703,,,60031594
536,,,1,6,jpn,Japan,AS,1,1,2,2,4,2,2,4,10,0.237402,0.253313,0,0.001862,0.001862,18,1,1,0.008736,,,60031615
537,,,2,2,usa,United States,NA,1,1,8,8,16,8,8,16,7,0.271744,0.293979,2849.737833,0.009777,0.009777,6,0.571429,16,0.03974,,,60031707
538,,,1,2,nor,Norway,EU,1,1,1,1,2,1,1,2,13,0.142519,0.147639,0,0.000001,0.000001,27,0,0,0.000818,,,60031779
539,,,1,1,can,Canada,NA,1,1,6,6,12,6,6,12,7,0.269799,0.290125,0,0.009692,0.009692,6,1,15,0.037685,,,60031828
540,,,1,2,aut,Austria,EU,1,1,2,2,4,2,2,4,10,0.276225,0.297154,0,0.009553,0.009553,25,1,1,0.030391,,,60031851
541,,,1,1,usa,United States,NA,1,1,1,1,2,1,1,2,13,0.108026,0.111745,0,0,0,6,0,0,0.000704,,,60031892
542,,,5,1,usa,United States,NA,1,1,7,7,14,19,19,38,9,0.304392,0.331364,20.787988,0.036775,0.036775,13,0.761905,16,0.113454,,,60031970
543,,,15,15,usa,United States,NA,1,1,31,31,62,44,44,88,8,0.371305,0.418548,5765.961395,0.145394,0.145394,13,0.191398,89,0.458522,,NYU Langone Medical Center,60032105
544,,,1,6,kor,Korea,AS,1,1,3,3,6,3,3,6,10,0.225421,0.239245,0,0.000762,0.000762,13,1,3,0.005446,,,60032144
545,,,5,8,usa,United States,NA,1,1,11,11,22,12,12,24,9,0.303931,0.335924,1174.457212,0.026223,0.026223,24,0.290909,16,0.090239,,,60032179
546,,,1,1,usa,United States,NA,1,1,2,2,4,2,2,4,9,0.275973,0.295878,0,0.009728,0.009728,13,1,1,0.0305,,,60032211
547,,,1,1,usa,United States,NA,1,1,2,2,4,2,2,4,10,0.239571,0.254328,0,0.001753,0.001753,18,1,1,0.007218,,,60032280
548,,,1,2,kor,Korea,AS,26,26,1,1,2,1,1,2,1,1,1,0,0,0,31,0,0,0.000598,,,60032330
549,,,2,4,ita,Italy,EU,24,24,1,1,2,2,2,4,1,1,1,0,0,0,29,0,0,0.000598,,,60032350
550,,,2,4,usa,United States,NA,1,1,4,4,8,4,4,8,10,0.25125,0.270241,53.081695,0.004352,0.004352,12,0.5,3,0.016111,,,60032445
551,,,10,8,deu,Germany,EU,1,1,7,7,14,11,11,22,9,0.246122,0.266355,3596,0.002578,0.002578,1,0.047619,1,0.013432,,,60032543
552,,,1,1,can,Canada,NA,10,10,2,2,4,2,2,4,2,0.666667,0.75,0,0,0,14,1,1,0.001636,,,60032619
553,,,1,2,usa,United States,NA,27,27,1,1,2,1,1,2,1,1,1,0,0,0,33,0,0,0.000598,,,60032706
554,,,1,5,fra,France,EU,3,3,1,1,2,1,1,2,1,1,1,0,0,0,2,0,0,0.000598,,,60032763
555,,,8,15,usa,United States,NA,1,1,13,13,26,16,16,32,9,0.330049,0.36846,1222.156451,0.057667,0.057667,20,0.24359,19,0.186685,,,60032838
556,,,5,8,deu,Germany,EU,1,1,8,8,16,8,8,16,8,0.302863,0.32977,1210.419706,0.023493,0.023493,13,0.142857,4,0.076262,,,60032895
557,,,5,4,usa,United States,NA,1,1,6,6,12,8,8,16,9,0.294866,0.321832,2515.790077,0.018154,0.018154,24,0.266667,4,0.061163,,,60033182
558,,,2,2,bel,Belgium,EU,1,1,1,1,2,2,2,4,9,0.229365,0.240039,0,0.001022,0.001022,6,0,0,0.004058,,,60033316
559,,,1,2,jpn,Japan,AS,23,23,1,1,2,1,1,2,1,1,1,0,0,0,30,0,0,0.000598,,,60033350
560,,,1,3,usa,United States,NA,1,1,1,1,2,1,1,2,10,0.256487,0.273688,0,0.004015,0.004015,24,0,0,0.014066,,,60033389
561,,,1,3,can,Canada,NA,1,1,3,3,6,3,3,6,8,0.275217,0.296523,0,0.01149,0.01149,1,1,3,0.03876,,,60033420
562,,,1,1,fra,France,EU,1,1,1,1,2,1,1,2,9,0.277114,0.295851,0,0.007992,0.007992,13,0,0,0.0258,,,60034123
563,,,4,5,che,Switzerland,EU,1,1,14,14,28,16,16,32,8,0.323324,0.359565,1247.427338,0.060181,0.060181,12,0.494505,45,0.193786,,,60044069
564,,,1,1,bel,Belgium,EU,1,1,3,3,6,3,3,6,9,0.272112,0.293004,0,0.010064,0.010064,1,1,3,0.033834,,,60068583
565,,,1,1,kor,Korea,AS,26,26,1,1,2,1,1,2,1,1,1,0,0,0,31,0,0,0.000598,,,60068693
566,,,2,1,rus,Russia,EU,28,28,1,1,2,2,2,4,1,1,1,0,0,0,35,0,0,0.000598,,,60069082
567,,,1,1,nor,Norway,EU,20,20,1,1,2,1,1,2,2,0.666667,0.75,0,0,0,36,0,0,0.000695,,,60069108
568,,,1,1,twn,Taiwan,AS,1,1,2,2,4,2,2,4,10,0.168248,0.176577,0,0.000008,0.000008,16,1,1,0.002049,,,60069716
569,,,1,1,fra,France,EU,4,4,2,2,4,2,2,4,1,1,1,0,0,0,37,1,1,0.001423,,,60069763
570,,,2,3,bel,Belgium,EU,1,1,3,3,6,3,3,6,10,0.233449,0.247943,602,0.001421,0.001421,17,0.333333,1,0.00635,,,60070027
571,,,2,2,ind,India,AS,5,5,1,1,2,2,2,4,1,1,1,0,0,0,5,0,0,0.000598,,,60070199
572,,,2,2,nld,Netherlands,EU,1,1,3,3,6,3,3,6,9,0.238623,0.25652,72.461865,0.002121,0.002121,16,0.333333,1,0.010871,,,60070773
573,,,1,13,jpn,Japan,AS,1,1,3,3,6,3,3,6,10,0.248455,0.267773,0,0.003742,0.003742,18,1,3,0.017097,,,60070968
574,,,1,1,deu,Germany,EU,1,1,1,1,2,1,1,2,10,0.223997,0.235699,0,0.000831,0.000831,18,0,0,0.003463,,,60072282
575,,,1,1,twn,Taiwan,AS,1,1,1,1,2,1,1,2,10,0.168154,0.175472,0,0.000007,0.000007,16,0,0,0.001177,,,60072397
576,,,3,11,isr,Israel,AS,1,1,6,6,12,6,6,12,9,0.295299,0.319036,317.608235,0.015036,0.015036,17,0.266667,4,0.052362,,,60072445
577,,,1,1,twn,Taiwan,AS,1,1,2,2,4,2,2,4,9,0.205172,0.217364,0,0.000147,0.000147,16,1,1,0.003252,,,60073385
578,,,2,1,twn,Taiwan,AS,1,1,4,4,8,5,5,10,9,0.20201,0.215251,0.666667,0.000143,0.000143,16,0.833333,5,0.00547,,,60073388
579,,,1,2,chn,China,AS,16,16,1,1,2,1,1,2,1,1,1,0,0,0,32,0,0,0.000598,,,60073438
580,,,1,1,usa,United States,NA,27,27,1,1,2,1,1,2,1,1,1,0,0,0,33,0,0,0.000598,,,60076320
581,,,6,9,usa,United States,NA,1,1,8,8,16,12,12,24,9,0.328074,0.359777,88.242315,0.056007,0.056007,12,0.607143,17,0.175585,,,60076515
582,,,1,2,deu,Germany,EU,1,1,2,2,4,2,2,4,10,0.246223,0.261226,0,0.003674,0.003674,20,1,1,0.011603,,,60077276
583,,,1,1,deu,Germany,EU,1,1,3,3,6,3,3,6,9,0.264822,0.282363,0,0.009684,0.009684,6,1,3,0.031108,,,60078345
584,,,1,2,deu,Germany,EU,29,29,1,1,2,1,1,2,1,1,1,0,0,0,40,0,0,0.000598,,,60078371
585,,,5,8,ita,Italy,EU,1,1,12,12,24,16,16,32,9,0.313736,0.346206,974.275506,0.034319,0.034319,1,0.318182,21,0.116098,,,60082964
586,,,1,1,dnk,Denmark,EU,18,18,1,1,2,1,1,2,1,1,1,0,0,0,34,0,0,0.000598,,,60083851
587,,,2,1,deu,Germany,EU,1,1,2,2,4,3,3,6,10,0.19764,0.208026,0,0.00014,0.00014,1,1,1,0.002391,,,60084824
588,,,1,5,rus,Russia,EU,1,1,4,4,8,4,4,8,10,0.26459,0.28455,0,0.007979,0.007979,1,1,6,0.028805,,,60085212
589,,,14,17,can,Canada,NA,1,1,28,28,56,37,37,74,7,0.371305,0.416876,9323.126755,0.117935,0.117935,6,0.190476,72,0.385493,,The Ottawa Hospital,60085927
590,,,1,4,aus,Australia,OC,1,1,1,1,2,1,1,2,10,0.242851,0.257151,0,0.002954,0.002954,12,0,0,0.009149,,,60093234
591,Altonaer Kinderkrankenhaus,,1,1,deu,Germany,EU,1,1,6,6,12,6,6,12,9,0.276099,0.298887,0,0.016252,0.016252,12,1,15,0.054689,,,60096401
592,,,2,2,rus,Russia,EU,28,28,1,1,2,2,2,4,1,1,1,0,0,0,35,0,0,0.000598,,,60101985
593,,,3,3,fra,France,EU,1,1,4,4,8,5,5,10,10,0.221528,0.234444,1800.5,0.000567,0.000567,1,0.333333,2,0.004819,,,60102125
594,,,2,2,jpn,Japan,AS,1,1,3,3,6,4,4,8,9,0.287828,0.310887,0,0.013088,0.013088,18,1,3,0.044983,,,60102128
595,,,4,9,fra,France,EU,1,1,8,8,16,8,8,16,10,0.274715,0.299835,1803,0.011384,0.011384,18,0.357143,10,0.044284,,,60103368
596,,,1,1,swe,Sweden,EU,1,1,3,3,6,3,3,6,9,0.300898,0.326033,0,0.018507,0.018507,25,1,3,0.058891,,,60103501
597,,,3,7,twn,Taiwan,AS,1,1,5,5,10,5,5,10,9,0.202078,0.21608,604,0.000143,0.000143,16,0.4,4,0.005889,,,60103515
598,,,4,2,jpn,Japan,AS,1,1,5,5,10,8,8,16,9,0.288103,0.313872,32.501107,0.015812,0.015812,18,0.7,7,0.057836,,,60103898
599,,,3,5,jpn,Japan,AS,1,1,6,6,12,7,7,14,9,0.248762,0.269759,1204.7,0.003147,0.003147,18,0.333333,5,0.017513,,,60103900
600,,,9,14,deu,Germany,EU,1,1,10,10,20,13,13,26,9,0.314226,0.346293,1779.951077,0.025649,0.025649,24,0.133333,6,0.087815,,,60104953
601,,,1,1,gbr,United Kingdom,EU,1,1,2,2,4,2,2,4,11,0.211061,0.22344,0,0.000357,0.000357,24,1,1,0.003309,,,60106782
602,,,3,4,deu,Germany,EU,1,1,5,5,10,5,5,10,9,0.27788,0.299859,109.177916,0.010778,0.010778,18,0.2,2,0.035763,,,60108337
603,,,1,1,fra,France,EU,1,1,4,4,8,4,4,8,9,0.308756,0.33637,0,0.029519,0.029519,17,1,6,0.093922,,,60108488
604,,,1,1,usa,United States,NA,1,1,1,1,2,1,1,2,10,0.220798,0.232122,0,0.000581,0.000581,24,0,0,0.002785,,,60110665
605,,,1,1,usa,United States,NA,1,1,1,1,2,1,1,2,10,0.257362,0.274268,0,0.005039,0.005039,20,0,0,0.015615,,,100314434
606,,,1,1,usa,United States,NA,1,1,2,2,4,2,2,4,10,0.246929,0.261361,0,0.002646,0.002646,6,1,1,0.009534,,,100318963
607,,,1,3,jpn,Japan,AS,1,1,4,4,8,4,4,8,9,0.261152,0.282888,0,0.007142,0.007142,18,1,6,0.030876,,,100320040
608,,,1,1,usa,United States,NA,1,1,3,3,6,3,3,6,9,0.279685,0.301379,0,0.011425,0.011425,12,1,3,0.037953,,,100324380
609,,,1,1,fra,France,EU,1,1,2,2,4,2,2,4,10,0.233359,0.247114,0,0.001418,0.001418,17,1,1,0.005817,,,100326616
610,,,1,1,jpn,Japan,AS,1,1,5,5,10,5,5,10,10,0.27434,0.297347,0,0.011298,0.011298,18,1,10,0.042387,,,100327095
611,,,1,1,usa,United States,NA,9,9,1,1,2,1,1,2,2,0.6,0.666667,0,0,0,26,0,0,0.000792,,,100330039
612,,,1,1,deu,Germany,EU,1,1,1,1,2,1,1,2,10,0.244031,0.257704,0,0.002369,0.002369,20,0,0,0.007542,,,100332194
613,,,1,1,can,Canada,NA,1,1,6,6,12,6,6,12,7,0.269799,0.290125,0,0.009692,0.009692,6,1,15,0.037685,,,100337385
614,,,1,1,gbr,United Kingdom,EU,1,1,4,4,8,4,4,8,9,0.304085,0.330811,0,0.027817,0.027817,20,1,6,0.086859,,,100345081
615,,,1,1,deu,Germany,EU,1,1,2,2,4,2,2,4,9,0.278779,0.298556,0,0.011738,0.011738,13,1,1,0.035465,,,100358152
616,,,1,6,kor,Korea,AS,1,1,2,2,4,2,2,4,9,0.283631,0.304032,0,0.010337,0.010337,13,1,1,0.034695,,,100377373
617,,,1,1,nor,Norway,EU,20,20,1,1,2,1,1,2,2,0.666667,0.75,0,0,0,36,0,0,0.000695,,,100385401
618,,,1,2,kor,Korea,AS,1,1,2,2,4,2,2,4,10,0.225336,0.238416,0,0.00072,0.00072,13,1,1,0.00433,,,100385813
619,,,1,2,nor,Norway,EU,1,1,1,1,2,1,1,2,12,0.165979,0.17251,0,0.00001,0.00001,27,0,0,0.000948,,,100391403
620,,,1,2,deu,Germany,EU,1,1,1,1,2,1,1,2,9,0.232549,0.244106,0,0.001207,0.001207,13,0,0,0.004447,,,100393165
621,,,1,1,deu,Germany,EU,1,1,1,1,2,1,1,2,10,0.197575,0.207197,0,0.000132,0.000132,1,0,0,0.001619,,,100401573
622,,,1,4,usa,United States,NA,1,1,2,2,4,2,2,4,10,0.225336,0.238416,0,0.00072,0.00072,13,1,1,0.00433,,,100404844
623,,,1,2,ind,India,AS,2,2,2,2,4,2,2,4,1,1,1,0,0,0,4,1,1,0.001423,,,100412890
624,,,1,1,twn,Taiwan,AS,1,1,2,2,4,2,2,4,10,0.168248,0.176577,0,0.000008,0.000008,16,1,1,0.002049,,,100434066
625,,,1,1,deu,Germany,EU,1,1,5,5,10,5,5,10,9,0.324368,0.354913,0,0.056543,0.056543,20,1,10,0.171632,,,100436452
626,,,1,2,deu,Germany,EU,1,1,2,2,4,2,2,4,9,0.297337,0.320667,0,0.020284,0.020284,17,1,1,0.062839,,,100447416
627,,,1,4,usa,United States,NA,1,1,3,3,6,3,3,6,10,0.272727,0.29471,0,0.01246,0.01246,13,1,3,0.038929,,,100464401
628,,,1,1,che,Switzerland,EU,1,1,1,1,2,1,1,2,11,0.189861,0.19835,0,0.000076,0.000076,25,0,0,0.001064,,,100497441
629,,,1,1,deu,Germany,EU,1,1,2,2,4,2,2,4,9,0.293288,0.315581,0,0.014975,0.014975,20,1,1,0.046112,,,100528017
630,,,1,1,usa,United States,NA,1,1,1,1,2,1,1,2,10,0.269196,0.289126,0,0.008425,0.008425,13,0,0,0.025652,,,100529026
631,,,1,2,usa,United States,NA,1,1,2,2,4,2,2,4,8,0.27434,0.292792,0,0.011558,0.011558,6,1,1,0.035497,,,100567471
632,,,2,1,nzl,New Zealand,OC,11,11,2,2,4,4,4,8,1,1,1,0,0,0,19,1,1,0.001423,,,100576524
633,,,1,2,che,Switzerland,EU,4,4,2,2,4,2,2,4,1,1,1,0,0,0,37,1,1,0.001423,,,100582704
634,,,1,1,usa,United States,NA,1,1,3,3,6,3,3,6,9,0.275217,0.294828,0,0.009216,0.009216,13,1,3,0.029961,,,100584332
635,,,1,1,usa,United States,NA,17,17,1,1,2,1,1,2,1,1,1,0,0,0,38,0,0,0.000598,,,100585232
636,,,1,1,fra,France,EU,1,1,2,2,4,2,2,4,9,0.263895,0.279539,0,0.005518,0.005518,6,1,1,0.018814,,,100588477
637,,,2,2,deu,Germany,EU,1,1,8,8,16,12,12,24,9,0.33706,0.370391,0,0.085037,0.085037,20,1,28,0.255916,,,100591137
638,,,2,3,sgp,Singapore,AS,1,1,1,1,2,2,2,4,9,0.248455,0.261218,0,0.002706,0.002706,6,0,0,0.008962,,,100658346
639,,,1,1,gbr,United Kingdom,EU,1,1,2,2,4,2,2,4,10,0.272481,0.293782,0,0.010853,0.010853,12,1,1,0.034769,,,100660448
640,,,2,3,fra,France,EU,1,1,3,3,6,4,4,8,11,0.181517,0.189954,0.5,0.000032,0.000032,1,0.666667,2,0.002495,,,100669392
641,,,1,1,kor,Korea,AS,1,1,1,1,2,1,1,2,12,0.171015,0.17821,0,0.00002,0.00002,18,0,0,0.000984,,,100759243
642,,,1,5,usa,United States,NA,1,1,1,1,2,1,1,2,10,0.269196,0.289126,0,0.008425,0.008425,13,0,0,0.025652,,,100793776
643,,,1,1,deu,Germany,EU,1,1,2,2,4,2,2,4,9,0.274966,0.294852,0,0.009632,0.009632,13,1,1,0.030099,,,100821073
644,,,2,1,can,Canada,NA,1,1,2,2,4,4,4,8,8,0.267881,0.285191,0,0.007695,0.007695,6,1,1,0.026574,,,100830806
645,,,1,1,fra,France,EU,22,22,2,2,4,2,2,4,1,1,1,0,0,0,39,1,1,0.001423,,,100832687
646,,,1,2,jpn,Japan,AS,1,1,5,5,10,5,5,10,9,0.294866,0.321224,0,0.02326,0.02326,18,1,10,0.077871,,,100842604
647,,,1,1,deu,Germany,EU,1,1,5,5,10,5,5,10,9,0.318038,0.347422,0,0.050302,0.050302,12,1,10,0.153815,,,100851848
648,,,1,2,deu,Germany,EU,1,1,2,2,4,2,2,4,10,0.255076,0.270647,0,0.004047,0.004047,18,1,1,0.01344,,,100856164
649,,,1,1,usa,United States,NA,1,1,3,3,6,3,3,6,10,0.235088,0.249582,0,0.002045,0.002045,13,1,3,0.008313,,,100888721
650,,,1,1,deu,Germany,EU,1,1,3,3,6,3,3,6,9,0.246727,0.263398,0,0.002836,0.002836,1,1,3,0.012089,,,100909520
651,,,1,1,deu,Germany,EU,29,29,1,1,2,1,1,2,1,1,1,0,0,0,40,0,0,0.000598,,,101003987
652,,,1,1,nor,Norway,EU,1,1,4,4,8,4,4,8,9,0.280726,0.304143,0,0.011696,0.011696,18,1,6,0.042592,,,101047830
653,,,2,1,nld,Netherlands,EU,1,1,1,1,2,2,2,4,10,0.218162,0.230586,0,0.000565,0.000565,16,0,0,0.003704,,,101052531
654,,,1,1,can,Canada,NA,1,1,2,2,4,2,2,4,11,0.208146,0.219162,0,0.000317,0.000317,12,1,1,0.002611,,,101245548
655,,,1,1,deu,Germany,EU,1,1,3,3,6,3,3,6,9,0.297778,0.322464,0,0.02073,0.02073,12,1,3,0.064311,,,101521465
656,,,1,1,fra,France,EU,1,1,2,2,4,2,2,4,11,0.181463,0.189125,0,0.000031,0.000031,1,1,1,0.001852,,,101582984
657,,,1,1,usa,United States,NA,1,1,3,3,6,3,3,6,8,0.243833,0.260394,0,0.0033,0.0033,12,1,3,0.013618,,,101746067
658,,,1,1,fra,France,EU,1,1,1,1,2,1,1,2,10,0.263664,0.281814,0,0.006113,0.006113,20,0,0,0.019939,,,101748283
659,,,1,1,jpn,Japan,AS,1,1,2,2,4,2,2,4,10,0.242558,0.259157,0,0.003246,0.003246,18,1,1,0.013154,,,101767460
660,,,1,2,usa,United States,NA,1,1,4,4,8,4,4,8,9,0.307339,0.334519,0,0.030859,0.030859,20,1,6,0.096407,,,101781059
661,,,1,1,deu,Germany,EU,1,1,2,2,4,2,2,4,9,0.29501,0.318152,0,0.015553,0.015553,24,1,1,0.048804,,,101791017
662,,,1,1,usa,United States,NA,1,1,1,1,2,1,1,2,10,0.226266,0.236635,0,0.000645,0.000645,24,0,0,0.002807,,,101888015
663,,,1,1,usa,United States,NA,1,1,3,3,6,3,3,6,11,0.19296,0.202399,0,0.000089,0.000089,3,1,3,0.002861,,,101909195
664,,,1,1,can,Canada,NA,1,1,6,6,12,6,6,12,7,0.269799,0.290125,0,0.009692,0.009692,6,1,15,0.037685,,,101933647
665,,,1,2,deu,Germany,EU,1,1,4,4,8,4,4,8,8,0.297631,0.321367,0,0.023055,0.023055,6,1,6,0.073277,,,101969891
666,,,1,1,deu,Germany,EU,1,1,1,1,2,1,1,2,10,0.197575,0.207197,0,0.000132,0.000132,1,0,0,0.001619,,,101986610
667,,,1,1,usa,United States,NA,1,1,2,2,4,2,2,4,10,0.258576,0.276949,0,0.004948,0.004948,24,1,1,0.017753,,,102025427
668,,,1,1,usa,United States,NA,1,1,1,1,2,1,1,2,10,0.223003,0.233188,0,0.00068,0.00068,13,0,0,0.002448,,,105438275
669,,,2,1,can,Canada,NA,1,1,4,4,8,5,5,10,7,0.278522,0.298444,47.939321,0.011714,0.011714,6,0.666667,4,0.039523,,,106644232
670,,,1,4,jpn,Japan,AS,1,1,2,2,4,2,2,4,9,0.24774,0.265585,0,0.002792,0.002792,18,1,1,0.013286,,,107752850
671,,,1,1,usa,United States,NA,1,1,1,1,2,1,1,2,10,0.257143,0.273482,0,0.004055,0.004055,17,0,0,0.014302,,,107941684
672,,,1,4,esp,Spain,EU,1,1,2,2,4,2,2,4,11,0.185996,0.194564,0,0.000051,0.000051,24,1,1,0.001909,,,112625494
673,,,1,3,usa,United States,NA,0,0,1,1,2,1,1,2,1,1,1,0,0,0,0,0,0,0.000598,,,114762490
674,,,1,5,usa,United States,NA,25,25,1,1,2,1,1,2,1,1,1,0,0,0,41,0,0,0.000598,,,116328005
